no,events,accident
5297,자동 점검 진입 해제 경보 경보 지연 지연 진입 점검 경보 복귀 대기 수동 대기 자동 경보 수동 점검 점검 복귀 점검 점검 경보 자동 대기 수동,0
5170,수동 점검 경보 경보 자동 점검 대기 경보 수동 수동 점검 경보 해제 통과 통과 점검 통과 통과 진입 복귀 진입 복귀 경보 자동 경보 해제 지연 통과 자동 경보 복귀 지연 지연,1
5110,수동 대기 경보 경보 통과 복귀 수동 대기 복귀 복귀 점검 해제 해제 복귀 점검 자동 진입 자동 자동 통과 진입 경보 통과 진입 경보 수동 진입,1
5129,자동 대기 점검 진입 점검 수동 진입 경보 경보 해제 점검 자동 자동 복귀 경보 지연 대기 수동 경보 수동 통과 통과 복귀 해제,0
5241,자동 복귀 대기 진입 복귀 수동 해제 대기 통과 수동 지연 경보 점검 진입 진입 점검 대기 점검 대기 수동 경보 자동 점검 자동,0
5317,자동 복귀 해제 경보 통과 통과 진입 경보 통과 자동 수동 진입 점검 수동 지연 통과 통과 진입 지연 점검 통과 수동 경보 경보 해제 자동 해제 점검 대기 통과 해제 점검 진입 대기 복귀,0
5374,수동 경보 자동 경보 점검 해제 점검 수동 대기 대기 통과 점검 통과 지연 지연 점검 점검 점검 진입 복귀 해제 자동 해제 경보 점검 복귀 지연 점검 수동 지연 대기 자동 대기 대기 복귀 대기,1
5097,자동 지연 대기 지연 복귀 지연 점검 해제 지연 복귀 지연 해제 경보 통과 자동 수동 해제 지연 해제 진입 진입 경보 수동 해제 경보 지연 경보 수동 통과 자동 해제 경보,0
5095,자동 경보 자동 해제 대기 통과 경보 지연 해제 수동 지연 지연 수동 점검 복귀 지연 해제 복귀 수동 점검 지연 경보 경보 진입 복귀 자동 대기 경보 경보 점검 지연,0
5329,자동 대기 지연 점검 경보 점검 복귀 통과 통과 점검 수동 대기 경보 해제 수동 경보 해제 점검 해제 경보 진입 복귀 대기 점검 복귀 경보 통과 지연 진입 해제 자동 자동 복귀 수동 진입 진입,0
5291,자동 지연 지연 진입 지연 복귀 통과 수동 해제 점검 해제 점검 해제 복귀 해제 통과 경보 복귀 점검 수동 경보 자동 해제 진입 대기 점검 복귀 통과 복귀 자동 복귀 복귀 진입 수동 해제,0
5300,수동 대기 복귀 지연 복귀 통과 점검 수동 복귀 점검 해제 지연 점검 복귀 점검 진입 지연 수동 자동 복귀 복귀 자동 통과 지연 자동,1
5266,수동 수동 자동 해제 점검 통과 자동 점검 진입 복귀 수동 통과 통과 통과 경보 경보 지연 대기 복귀 해제 점검 진입 자동 경보,1
5158,수동 점검 경보 지연 경보 해제 해제 수동 경보 대기 자동 점검 자동 진입 지연 진입 통과 대기 경보 점검 복귀 지연 대기 자동 지연 진입 지연 경보 해제 점검 경보 수동 해제 진입 복귀 점검,1
5054,수동 수동 복귀 통과 자동 점검 경보 수동 진입 경보 복귀 경보 대기 해제 복귀 진입 해제 자동 경보 경보 복귀 통과 지연 복귀 지연 통과 경보 자동 복귀 경보 대기,1
5363,자동 경보 해제 대기 해제 경보 해제 경보 통과 해제 수동 해제 수동 진입 진입 대기 자동 지연 해제 통과 통과 복귀 진입 지연 해제 해제 자동 경보 지연 수동 지연 복귀,0
5383,자동 복귀 복귀 점검 복귀 자동 자동 진입 복귀 경보 수동 통과 대기 수동 수동 통과 점검 대기 진입 경보 경보 경보 지연 통과,0
5039,자동 자동 복귀 대기 복귀 점검 수동 해제 경보 해제 수동 점검 자동 점검 대기 경보 지연 점검 진입 진입 진입 경보 대기 점검 대기 통과 수동 지연 경보 대기 복귀 진입 통과,0
5362,수동 진입 자동 지연 진입 복귀 복귀 진입 해제 진입 자동 수동 대기 대기 대기 대기 대기 자동 수동 점검 경보 경보 대기 복귀 통과 해제,1
5082,수동 통과 지연 경보 대기 대기 해제 대기 통과 진입 대기 수동 자동 대기 자동 지연 해제 수동 통과 경보 대기 점검 지연 자동 해제,1
5066,수동 경보 점검 대기 진입 대기 통과 대기 해제 해제 대기 진입 해제 대기 대기 자동 점검 수동 통과 통과 수동 점검 대기 자동 대기 점검 해제 경보 경보 복귀 복귀 지연 자동,1
5198,수동 진입 지연 경보 경보 자동 지연 해제 경보 진입 경보 복귀 해제 해제 통과 통과 대기 점검 복귀 경보 지연 진입 점검 복귀 수동 대기 복귀 해제 통과 자동 해제 점검 점검 자동 대기 수동,1
5243,자동 진입 진입 통과 통과 경보 복귀 해제 해제 진입 복귀 통과 해제 지연 복귀 자동 해제 점검 자동 통과 진입 지연 진입 통과 점검 수동 경보 대기 경보 통과 수동 수동 해제 지연 진입,0
5400,수동 경보 경보 지연 해제 지연 해제 복귀 점검 통과 대기 진입 자동 수동 점검 자동 해제 해제 경보 진입 수동 대기 통과 진입 진입 경보 해제 자동,1
5121,자동 복귀 대기 해제 진입 자동 경보 통과 통과 수동 점검 복귀 지연 해제 수동 경보 진입 복귀 통과 통과 지연 수동 진입 통과 지연 자동 점검,0
5096,수동 대기 진입 진입 진입 통과 지연 통과 해제 자동 자동 경보 점검 통과 복귀 대기 대기 지연 복귀 경보 대기 복귀 수동 경보 대기 진입 수동 통과 자동,1
5238,수동 지연 자동 점검 통과 해제 통과 점검 대기 통과 경보 복귀 해제 해제 지연 자동 지연 수동 경보 자동 점검 복귀 경보 대기 수동 진입 점검,1
5088,수동 대기 지연 지연 자동 자동 자동 대기 경보 진입 복귀 점검 진입 경보 수동 통과 점검 진입 수동 진입 복귀 경보 해제 대기 통과,1
5365,자동 지연 대기 경보 점검 경보 대기 자동 경보 수동 수동 수동 진입 지연 지연 점검 경보 지연 점검 지연 지연 해제 경보 지연 해제 진입 통과 자동 대기 통과 진입,0
5186,수동 자동 점검 복귀 통과 진입 지연 대기 자동 지연 통과 수동 점검 점검 통과 진입 점검 해제 자동 대기 통과 수동 대기 진입 대기 지연,1
5034,수동 점검 경보 경보 점검 대기 대기 해제 통과 지연 점검 진입 복귀 자동 지연 경보 지연 경보 대기 수동 해제 자동 복귀 진입 경보 진입 지연 대기 해제 대기 복귀 통과 수동 점검 자동,1
5147,자동 해제 복귀 해제 경보 경보 수동 점검 자동 자동 통과 수동 경보 수동 지연 해제 진입 점검 복귀 통과 지연 대기 통과 대기 대기 지연 대기,0
5064,수동 자동 진입 진입 자동 복귀 지연 대기 경보 통과 진입 통과 점검 복귀 자동 통과 통과 수동 수동 지연 해제 점검 해제 통과 통과 해제,1
5102,수동 자동 자동 해제 지연 수동 자동 해제 통과 해제 해제 해제 해제 복귀 대기 지연 진입 수동 대기 점검 경보 경보 해제 점검,1
5353,자동 해제 진입 점검 해제 복귀 점검 복귀 지연 경보 해제 해제 경보 해제 수동 경보 대기 자동 복귀 자동 복귀 점검 지연 해제 수동 수동,0
5115,자동 대기 경보 수동 점검 해제 지연 대기 수동 자동 진입 경보 해제 자동 지연 복귀 진입 대기 복귀 점검 수동 경보 해제 경보 통과,0
5150,수동 복귀 진입 대기 복귀 점검 자동 지연 점검 해제 진입 자동 자동 통과 복귀 통과 해제 해제 진입 수동 대기 점검 해제 경보 대기 수동 해제 해제 지연 해제 대기 해제 진입 통과,1
5023,자동 경보 경보 대기 대기 통과 자동 점검 대기 지연 수동 대기 진입 지연 지연 수동 지연 점검 통과 지연 통과 경보 해제 복귀 경보 수동 통과 자동 대기 통과 대기 진입 지연,0
5104,수동 점검 진입 점검 경보 진입 해제 진입 통과 점검 점검 진입 자동 점검 진입 복귀 점검 수동 점검 진입 지연 통과 수동 대기 지연 자동 자동 진입 통과 진입 복귀 진입 점검 복귀 지연 통과,1
5027,자동 통과 해제 경보 진입 경보 진입 복귀 지연 지연 복귀 통과 해제 대기 대기 자동 자동 수동 지연 대기 수동 수동 대기 지연 진입 대기 대기 점검 진입,0
5229,자동 통과 통과 진입 해제 진입 지연 통과 해제 점검 대기 경보 지연 통과 수동 대기 자동 복귀 대기 지연 대기 해제 대기 수동 경보 진입 지연 점검 수동 통과 경보 점검 자동 해제 점검,0
5012,수동 통과 자동 통과 해제 통과 복귀 해제 점검 진입 진입 통과 수동 진입 지연 지연 점검 지연 진입 진입 해제 경보 수동 점검 지연 자동 자동 복귀 해제 지연 경보 점검,1
5061,자동 해제 지연 지연 경보 경보 통과 해제 진입 해제 해제 점검 자동 복귀 경보 대기 점검 자동 경보 수동 해제 지연 수동 수동 점검 대기 대기 대기 진입 지연,0
5248,수동 경보 점검 점검 경보 수동 복귀 지연 점검 자동 경보 대기 수동 통과 통과 자동 복귀 자동 복귀 점검 해제 통과 복귀 점검 점검,1
5345,자동 자동 해제 해제 수동 경보 경보 대기 진입 대기 점검 대기 복귀 자동 수동 대기 대기 복귀 점검 수동 해제 통과 점검 복귀 통과,0
5284,수동 대기 점검 진입 복귀 해제 해제 수동 해제 진입 자동 통과 지연 해제 진입 경보 경보 진입 대기 통과 대기 해제 수동 점검 통과 점검 지연 해제 해제 진입 자동 복귀 점검 자동,1
5223,자동 점검 진입 수동 복귀 해제 진입 통과 자동 지연 복귀 통과 수동 수동 지연 점검 자동 경보 점검 경보 진입 복귀 해제 해제,0
5260,수동 자동 통과 점검 진입 복귀 지연 복귀 해제 지연 진입 점검 점검 경보 진입 진입 진입 점검 경보 진입 복귀 대기 수동 경보 통과 수동 대기 자동 자동 진입 경보 대기,1
5249,자동 해제 해제 대기 자동 점검 해제 대기 수동 경보 대기 통과 진입 복귀 통과 대기 대기 해제 수동 대기 지연 자동 해제 점검 수동,0
5218,수동 대기 해제 해제 대기 대기 진입 자동 통과 통과 해제 대기 점검 해제 복귀 지연 대기 통과 자동 경보 해제 복귀 지연 점검 통과 자동 복귀 진입 통과 경보 수동 복귀 진입 해제 경보 수동,1
5271,자동 수동 대기 진입 해제 해제 수동 점검 수동 경보 지연 지연 해제 경보 대기 경보 복귀 복귀 점검 점검 진입 자동 통과 점검 자동 진입 지연 통과 대기 복귀,0
5126,수동 경보 진입 점검 통과 경보 복귀 자동 점검 진입 자동 경보 수동 수동 점검 복귀 해제 진입 지연 복귀 복귀 자동 복귀 경보 점검 진입 해제 통과 경보,1
5010,수동 점검 해제 복귀 통과 자동 해제 대기 지연 해제 해제 통과 복귀 대기 경보 진입 자동 진입 수동 진입 자동 복귀 해제 진입 수동 진입 지연 복귀 해제 복귀 대기 진입 통과,1
5181,자동 수동 진입 통과 점검 대기 복귀 복귀 대기 진입 대기 지연 점검 복귀 점검 경보 자동 진입 수동 통과 해제 통과 자동 수동 대기,0
5211,자동 지연 점검 수동 수동 지연 자동 경보 복귀 복귀 대기 점검 진입 수동 점검 점검 지연 대기 복귀 지연 대기 자동 대기 통과,0
5149,자동 지연 지연 진입 진입 수동 해제 지연 자동 수동 지연 점검 자동 경보 통과 지연 점검 복귀 경보 점검 지연 지연 통과 경보 수동 진입 복귀 경보 해제 대기,0
5240,수동 복귀 대기 점검 자동 지연 통과 진입 수동 해제 자동 통과 점검 자동 지연 통과 지연 복귀 통과 해제 점검 경보 점검 경보 해제 복귀 대기 진입 경보 대기 통과 수동 진입 지연 진입,1
5123,자동 경보 진입 수동 해제 통과 점검 점검 수동 통과 진입 수동 자동 복귀 대기 통과 지연 통과 통과 대기 대기 자동 지연 진입,0
5201,자동 수동 자동 대기 진입 통과 해제 진입 자동 대기 수동 해제 지연 대기 해제 진입 수동 지연 점검 복귀 점검 복귀 진입 점검 진입,0
5076,수동 경보 지연 대기 해제 통과 자동 자동 통과 점검 경보 해제 경보 수동 복귀 수동 자동 해제 대기 지연 진입 해제 경보 통과 경보 복귀,1
5274,수동 점검 경보 경보 경보 지연 점검 경보 통과 진입 지연 해제 점검 진입 자동 자동 수동 경보 경보 통과 지연 복귀 자동 점검 수동 점검 복귀 점검 점검,1
5344,수동 자동 진입 자동 자동 지연 해제 경보 점검 점검 경보 해제 대기 수동 수동 지연 대기 복귀 진입 해제 점검 해제 진입 지연 통과 경보 복귀,1
5108,수동 통과 통과 통과 경보 해제 해제 통과 경보 진입 해제 지연 경보 점검 대기 해제 지연 경보 수동 지연 통과 지연 대기 자동 수동 경보 진입 자동 자동 복귀 지연 대기,1
5355,자동 복귀 지연 진입 지연 통과 자동 복귀 지연 자동 진입 경보 점검 수동 통과 수동 복귀 복귀 해제 해제 복귀 지연 지연 수동 지연 통과 복귀 경보,0
5331,자동 통과 자동 경보 경보 수동 통과 지연 수동 통과 경보 수동 경보 해제 대기 지연 지연 진입 해제 해제 진입 지연 진입 통과 대기 경보 점검 지연 자동 복귀,0
5167,자동 복귀 지연 수동 지연 점검 해제 통과 자동 복귀 지연 복귀 복귀 수동 점검 수동 지연 대기 지연 점검 자동 점검 점검 진입 진입 대기 통과,0
5320,수동 해제 대기 복귀 자동 통과 진입 대기 통과 지연 지연 통과 대기 진입 수동 진입 자동 진입 경보 점검 자동 수동 복귀 통과,1
5136,수동 통과 진입 점검 진입 통과 경보 복귀 지연 해제 수동 진입 통과 대기 지연 통과 경보 자동 해제 경보 복귀 수동 복귀 지연 자동 복귀 점검 자동 통과,1
5199,자동 해제 자동 점검 수동 해제 점검 진입 지연 통과 진입 지연 통과 자동 지연 수동 점검 지연 진입 점검 해제 수동 점검 대기 진입 해제 경보 지연 통과 진입 통과 지연,0
5092,수동 진입 진입 경보 복귀 진입 지연 복귀 자동 해제 자동 해제 복귀 지연 복귀 경보 경보 자동 수동 통과 지연 해제 통과 경보 복귀 수동,1
5138,수동 진입 자동 지연 자동 수동 진입 진입 통과 통과 자동 점검 해제 경보 수동 대기 점검 경보 지연 해제 통과 지연 점검 복귀 진입 진입,1
5348,수동 경보 통과 자동 지연 진입 경보 대기 통과 점검 진입 수동 점검 수동 점검 해제 지연 자동 자동 대기 복귀 점검 점검 통과 경보 해제 통과,1
5343,자동 수동 점검 해제 진입 수동 진입 경보 수동 점검 대기 자동 경보 해제 통과 진입 해제 자동 경보 지연 대기 경보 대기 복귀 복귀,0
5174,수동 진입 해제 수동 통과 자동 수동 자동 점검 점검 대기 복귀 진입 통과 지연 지연 경보 복귀 자동 복귀 복귀 점검 해제 통과,1
5303,자동 대기 진입 자동 수동 점검 점검 통과 대기 수동 해제 점검 통과 점검 복귀 대기 진입 자동 진입 수동 진입 통과 경보 점검,0
5002,수동 해제 점검 대기 통과 경보 자동 통과 진입 진입 해제 진입 점검 수동 해제 자동 대기 지연 대기 수동 지연 진입 자동 점검 해제 진입,1
5122,수동 통과 자동 대기 복귀 자동 통과 복귀 통과 경보 복귀 복귀 진입 해제 진입 점검 경보 수동 해제 자동 경보 지연 점검 수동 대기,1
5312,수동 복귀 자동 수동 복귀 해제 자동 복귀 해제 점검 복귀 대기 점검 점검 지연 복귀 지연 진입 점검 대기 지연 진입 수동 해제 해제 복귀 자동 경보 경보 지연 지연 해제 진입,1
5159,자동 대기 진입 대기 통과 진입 수동 수동 경보 경보 자동 지연 해제 해제 경보 수동 통과 진입 지연 지연 지연 대기 대기 복귀 복귀 점검 진입 자동,0
5156,수동 경보 해제 해제 수동 경보 대기 대기 점검 점검 통과 지연 지연 지연 자동 진입 통과 수동 복귀 통과 복귀 통과 통과 자동 통과 경보 통과 자동 대기 점검,1
5119,자동 경보 대기 지연 지연 복귀 수동 수동 대기 진입 수동 해제 지연 자동 점검 자동 진입 경보 복귀 대기 해제 대기 해제 경보 경보 대기 복귀,0
5140,수동 수동 진입 경보 경보 지연 자동 대기 점검 자동 수동 대기 통과 해제 진입 대기 대기 자동 해제 통과 지연 해제 통과 점검,1
5278,수동 수동 복귀 경보 점검 해제 진입 해제 자동 통과 점검 지연 해제 지연 해제 진입 복귀 경보 점검 자동 점검 수동 통과 자동 점검 대기 대기 진입,1
5051,자동 해제 복귀 자동 진입 점검 대기 통과 해제 수동 통과 통과 진입 수동 대기 자동 지연 수동 지연 통과 대기 진입 해제 경보,0
5307,자동 복귀 점검 통과 진입 통과 진입 해제 대기 대기 지연 수동 점검 지연 자동 점검 진입 대기 경보 대기 경보 통과 지연 해제 경보 자동 통과 복귀 수동 진입 수동 대기 대기 대기,0
5262,수동 복귀 통과 지연 통과 통과 수동 경보 해제 진입 복귀 통과 경보 통과 수동 자동 지연 통과 통과 대기 복귀 자동 대기 통과 자동 복귀 통과 지연 진입 대기 경보 대기 대기,1
5162,수동 자동 경보 수동 지연 경보 복귀 통과 경보 지연 대기 경보 진입 진입 경보 점검 진입 경보 점검 경보 해제 복귀 점검 해제 자동 수동 자동,1
5128,수동 수동 지연 진입 자동 통과 점검 자동 점검 지연 진입 지연 지연 복귀 지연 경보 수동 자동 복귀 복귀 점검 진입 대기 진입 복귀 진입 대기 진입,1
5397,자동 진입 자동 수동 자동 점검 해제 통과 진입 지연 점검 지연 지연 해제 통과 대기 해제 지연 복귀 대기 해제 대기 수동 해제 점검 수동 해제 점검 경보,0
5175,자동 자동 복귀 복귀 진입 해제 지연 수동 자동 복귀 대기 대기 지연 대기 경보 해제 점검 대기 진입 진입 수동 경보 지연 점검 점검 진입 진입 수동,0
5264,수동 복귀 자동 지연 해제 점검 대기 해제 복귀 통과 수동 진입 자동 경보 점검 해제 지연 경보 자동 복귀 경보 대기 수동 대기,1
5272,수동 대기 경보 지연 점검 복귀 자동 수동 복귀 자동 복귀 경보 지연 경보 진입 대기 경보 수동 지연 대기 대기 자동 복귀 대기 해제 진입 지연 경보 지연 복귀 진입 통과 대기 점검,1
5254,수동 진입 수동 경보 복귀 경보 해제 지연 자동 대기 대기 지연 통과 대기 수동 복귀 지연 통과 대기 복귀 자동 해제 지연 지연 경보 점검 경보 경보 진입 자동 통과 해제 통과 대기 해제 진입,1
5049,자동 지연 해제 통과 진입 점검 복귀 통과 자동 진입 수동 진입 지연 경보 해제 점검 수동 점검 해제 자동 수동 경보 경보 점검 지연 점검 복귀 해제 진입,0
5380,수동 수동 대기 지연 해제 해제 통과 점검 경보 수동 복귀 통과 복귀 경보 대기 자동 지연 복귀 점검 해제 대기 해제 진입 점검 자동 자동,1
5350,수동 복귀 해제 해제 점검 대기 진입 수동 복귀 통과 해제 복귀 통과 수동 복귀 자동 대기 지연 진입 점검 자동 점검 자동 점검,1
5168,수동 통과 경보 수동 점검 자동 자동 해제 통과 지연 수동 통과 경보 경보 경보 진입 복귀 점검 지연 대기 해제 자동 통과 해제 진입 해제 지연 경보 지연 대기 통과 점검 점검 지연 대기,1
5222,수동 경보 점검 자동 자동 점검 진입 지연 복귀 대기 경보 통과 통과 경보 지연 경보 수동 점검 점검 복귀 지연 수동 복귀 자동 진입,1
5371,자동 수동 지연 진입 자동 점검 해제 진입 경보 경보 통과 복귀 수동 통과 해제 지연 해제 해제 점검 해제 대기 진입 지연 대기 통과 통과 진입 지연 진입 수동 진입 해제 경보 자동,0
5116,수동 해제 복귀 수동 대기 진입 경보 점검 지연 점검 대기 경보 복귀 경보 자동 해제 자동 자동 수동 대기 복귀 통과 대기 통과,1
5282,수동 진입 진입 점검 통과 통과 통과 지연 복귀 수동 자동 해제 해제 진입 진입 진입 진입 통과 진입 경보 경보 수동 자동 해제 자동 대기 경보 진입 통과 지연 점검 통과 경보,1
5069,자동 복귀 경보 수동 복귀 복귀 점검 경보 경보 해제 해제 진입 점검 자동 대기 대기 복귀 지연 해제 자동 지연 진입 통과 경보 통과 수동 진입 통과 수동 해제 대기 복귀,0
5295,자동 복귀 해제 통과 점검 경보 점검 통과 대기 해제 경보 자동 통과 해제 해제 수동 복귀 수동 경보 자동 진입 경보 진입 대기 통과 통과 통과 대기 진입 통과 경보 수동 점검 통과 통과 지연,0
5030,수동 경보 통과 수동 진입 진입 경보 점검 경보 수동 경보 통과 해제 점검 자동 점검 경보 복귀 지연 경보 복귀 복귀 점검 통과 복귀 대기 복귀 진입 점검 경보 지연 자동 경보 대기 자동,1
5074,수동 자동 경보 점검 수동 지연 통과 복귀 해제 복귀 지연 대기 수동 지연 해제 지연 통과 경보 통과 해제 복귀 자동 복귀 점검 통과 지연 점검 복귀 통과 복귀 자동 통과 통과 진입 해제 진입,1
5172,수동 지연 점검 점검 진입 경보 대기 해제 지연 대기 경보 자동 통과 지연 수동 진입 수동 점검 경보 점검 점검 점검 진입 진입 점검 자동 대기 자동,1
5145,자동 해제 진입 해제 해제 대기 경보 수동 대기 해제 복귀 경보 대기 진입 지연 지연 복귀 점검 수동 진입 점검 경보 복귀 자동 지연 점검 자동 복귀 수동 지연 점검 지연 경보 지연,0
5033,자동 복귀 통과 자동 수동 진입 복귀 경보 경보 수동 경보 진입 해제 점검 복귀 대기 수동 진입 점검 지연 자동 점검 경보 진입 지연 복귀 복귀 진입 통과 해제 통과,0
5334,수동 점검 지연 대기 통과 자동 진입 진입 해제 통과 지연 지연 지연 수동 수동 점검 대기 대기 점검 점검 자동 점검 지연 경보 해제 복귀 대기 자동 진입 복귀 경보 대기 점검 해제 경보 점검,1
5319,자동 통과 경보 수동 점검 점검 수동 점검 자동 점검 복귀 대기 지연 복귀 수동 통과 점검 복귀 대기 대기 대기 대기 경보 점검 지연 점검 해제 자동 진입,0
5022,수동 지연 복귀 해제 복귀 자동 자동 대기 대기 지연 해제 해제 점검 수동 통과 점검 통과 지연 경보 경보 대기 해제 진입 점검 경보 지연 수동 지연 자동 복귀 통과 경보 복귀,1
5133,자동 점검 수동 진입 수동 통과 복귀 경보 지연 점검 해제 지연 통과 통과 통과 대기 점검 진입 점검 자동 진입 자동 해제 수동 복귀 해제 통과,0
5326,수동 자동 자동 지연 대기 지연 복귀 복귀 통과 복귀 점검 통과 대기 수동 수동 해제 진입 경보 지연 자동 복귀 경보 점검 지연 복귀 지연 대기 해제,1
5171,자동 진입 진입 진입 수동 점검 진입 진입 복귀 해제 해제 수동 복귀 점검 진입 대기 지연 수동 대기 진입 통과 자동 통과 경보 통과 자동 진입 지연 경보 복귀 대기 점검,0
5375,자동 자동 진입 진입 통과 해제 진입 통과 수동 점검 지연 통과 진입 해제 복귀 복귀 해제 수동 해제 해제 통과 대기 진입 자동 경보 복귀 수동 경보 통과 점검 지연 복귀 진입 경보,0
5349,자동 경보 점검 복귀 수동 지연 자동 통과 지연 경보 지연 점검 점검 수동 수동 대기 대기 경보 진입 해제 경보 복귀 자동 경보,0
5165,자동 해제 수동 점검 통과 수동 대기 자동 점검 복귀 진입 점검 점검 진입 자동 통과 지연 통과 복귀 통과 대기 수동 통과 진입 진입 대기 해제 통과 통과 경보,0
5313,자동 경보 수동 점검 복귀 복귀 자동 경보 통과 통과 진입 경보 점검 경보 점검 통과 지연 통과 대기 경보 지연 점검 복귀 복귀 통과 자동 통과 수동 해제 통과 복귀 통과 수동 해제,0
5117,자동 수동 통과 복귀 지연 점검 진입 수동 통과 자동 점검 진입 복귀 지연 진입 경보 대기 진입 진입 지연 해제 대기 복귀 경보 진입 복귀 복귀 경보 경보 수동 해제 자동 경보,0
5370,수동 대기 진입 자동 복귀 통과 대기 자동 수동 해제 점검 대기 복귀 대기 수동 복귀 지연 지연 경보 통과 지연 진입 점검 지연 자동 통과 복귀,1
5192,수동 진입 통과 수동 복귀 자동 수동 점검 진입 대기 점검 복귀 지연 진입 대기 해제 점검 통과 자동 자동 해제 대기 해제 경보 복귀 점검,1
5107,자동 대기 지연 진입 경보 지연 통과 복귀 수동 경보 점검 대기 수동 복귀 경보 대기 대기 지연 진입 경보 진입 경보 자동 수동 경보 경보 복귀 지연 자동 점검,0
5052,수동 대기 지연 통과 점검 대기 복귀 점검 수동 경보 지연 점검 점검 점검 경보 통과 자동 수동 자동 자동 지연 통과 해제 경보 복귀,1
5279,자동 경보 통과 해제 해제 지연 복귀 점검 해제 해제 수동 복귀 자동 수동 자동 점검 수동 점검 해제 대기 통과 해제 점검 해제 해제 점검 통과 지연 대기,0
5040,수동 점검 대기 복귀 복귀 지연 수동 지연 대기 진입 경보 경보 지연 복귀 대기 복귀 자동 해제 진입 해제 진입 진입 점검 해제 통과 자동 통과 경보 지연 해제 진입 수동 경보 대기 복귀 자동,1
5377,자동 수동 복귀 대기 진입 자동 수동 진입 통과 복귀 경보 경보 대기 경보 복귀 복귀 복귀 대기 통과 경보 통과 진입 대기 점검 수동 진입 통과 대기 지연 자동 점검 통과,0
5392,수동 복귀 자동 수동 해제 지연 대기 통과 통과 지연 복귀 대기 통과 지연 대기 수동 지연 진입 경보 점검 복귀 자동 지연 자동 해제 경보 점검,1
5048,수동 경보 대기 자동 진입 자동 대기 해제 해제 수동 점검 수동 통과 진입 점검 해제 대기 자동 진입 대기 대기 진입 점검 진입 대기,1
5157,자동 대기 점검 대기 대기 지연 점검 지연 해제 수동 경보 지연 경보 대기 진입 점검 대기 수동 지연 점검 수동 통과 경보 대기 해제 대기 점검 복귀 경보 통과 복귀 지연 해제 해제 자동 자동,0
5217,자동 해제 지연 경보 복귀 지연 대기 통과 진입 수동 복귀 지연 수동 자동 통과 진입 자동 경보 경보 통과 경보 수동 진입 복귀,0
5235,자동 복귀 진입 점검 경보 진입 통과 지연 수동 점검 통과 진입 경보 자동 수동 해제 해제 지연 진입 진입 진입 지연 자동 대기 경보 지연 수동 경보 경보 복귀 점검,0
5294,수동 점검 점검 수동 복귀 자동 대기 복귀 경보 해제 복귀 대기 대기 지연 수동 복귀 통과 자동 통과 점검 대기 통과 통과 자동 진입,1
5208,수동 통과 지연 대기 지연 지연 지연 통과 자동 복귀 자동 수동 점검 통과 해제 수동 진입 진입 자동 지연 진입 점검 통과 경보 복귀 경보 통과 지연 복귀 경보,1
5308,수동 통과 경보 자동 자동 진입 경보 수동 경보 해제 대기 진입 지연 통과 지연 경보 경보 수동 자동 대기 복귀 대기 지연 통과 경보 해제 점검 해제,1
5306,수동 경보 통과 지연 통과 점검 복귀 지연 점검 대기 진입 대기 해제 진입 통과 해제 경보 대기 해제 경보 복귀 대기 수동 경보 경보 점검 수동 자동 대기 지연 자동 자동 지연 진입 진입,1
5196,수동 경보 점검 수동 자동 지연 수동 대기 해제 통과 경보 해제 해제 점검 복귀 자동 경보 자동 해제 경보 지연 진입 복귀 진입 점검,1
5276,수동 경보 해제 복귀 자동 대기 해제 지연 경보 경보 대기 지연 해제 복귀 지연 경보 해제 통과 지연 수동 진입 해제 대기 해제 대기 통과 수동 자동 복귀 해제 경보 자동,1
5151,자동 대기 통과 수동 경보 진입 경보 수동 지연 복귀 지연 점검 진입 대기 통과 경보 경보 자동 대기 복귀 통과 통과 자동 복귀 진입 복귀 해제 지연 수동 복귀 통과 복귀 점검 통과,0
5131,자동 복귀 지연 경보 대기 수동 대기 대기 지연 점검 통과 경보 복귀 진입 대기 해제 자동 점검 대기 수동 진입 대기 진입 해제 수동 경보 자동 대기 점검,0
5230,수동 통과 복귀 해제 진입 자동 점검 점검 통과 점검 지연 수동 경보 해제 자동 경보 수동 진입 복귀 대기 자동 경보 지연 경보 복귀 해제 지연 지연 통과,1
5386,수동 진입 경보 점검 지연 지연 지연 수동 해제 지연 점검 대기 대기 경보 자동 대기 점검 경보 점검 해제 점검 자동 대기 지연 자동 해제 수동 복귀,1
5281,자동 점검 해제 통과 통과 복귀 복귀 경보 지연 진입 복귀 진입 통과 경보 점검 수동 수동 통과 복귀 진입 점검 자동 해제 자동 해제 수동,0
5134,수동 지연 해제 해제 복귀 대기 복귀 경보 진입 진입 경보 해제 대기 해제 점검 지연 수동 점검 자동 경보 수동 대기 자동 경보 경보 자동 해제 지연 해제 지연,1
5341,자동 수동 수동 지연 진입 해제 복귀 진입 복귀 점검 점검 점검 자동 경보 진입 복귀 수동 해제 대기 대기 경보 대기 경보 자동 진입 통과,0
5340,수동 대기 지연 대기 복귀 자동 복귀 진입 통과 경보 진입 진입 대기 해제 수동 대기 복귀 통과 경보 자동 통과 해제 통과 지연 수동 지연 점검 진입 복귀 지연 자동,1
5176,수동 복귀 수동 지연 점검 대기 해제 자동 지연 복귀 수동 지연 통과 경보 자동 해제 해제 점검 지연 해제 점검 진입 지연 경보 자동 지연 경보 지연 해제 경보 진입 해제 대기,1
5025,자동 진입 점검 대기 해제 통과 진입 수동 대기 통과 해제 통과 통과 자동 복귀 수동 수동 경보 자동 진입 지연 통과 대기 해제 복귀 통과 대기 대기 해제 진입 통과 통과 해제 복귀 해제 대기,0
5364,수동 경보 지연 진입 통과 해제 점검 점검 해제 수동 해제 자동 수동 지연 통과 자동 복귀 지연 경보 자동 진입 지연 진입 통과,1
5029,자동 진입 지연 경보 통과 점검 복귀 수동 경보 경보 지연 진입 자동 자동 경보 경보 지연 통과 대기 점검 수동 해제 수동 경보 대기 대기 통과,0
5015,자동 점검 수동 통과 복귀 진입 통과 점검 수동 진입 경보 복귀 경보 진입 통과 통과 대기 자동 통과 대기 지연 진입 해제 통과 진입 경보 자동 경보 수동 점검 통과 진입 경보 진입 지연 해제,0
5268,수동 지연 해제 복귀 통과 지연 복귀 진입 해제 점검 자동 해제 점검 복귀 대기 자동 대기 수동 경보 수동 점검 점검 점검 자동 진입,1
5111,자동 해제 진입 자동 지연 복귀 경보 통과 복귀 해제 대기 지연 통과 대기 대기 통과 통과 지연 통과 지연 진입 해제 진입 수동 수동 수동 점검 해제 자동 복귀 점검 복귀,0
5036,수동 경보 해제 점검 경보 지연 자동 점검 지연 지연 자동 통과 점검 경보 지연 수동 자동 대기 해제 통과 대기 점검 경보 통과 복귀 복귀 경보 수동 경보 대기 지연 점검 점검 복귀,1
5146,수동 수동 통과 진입 통과 해제 대기 자동 점검 통과 지연 해제 대기 해제 대기 경보 수동 대기 자동 지연 대기 자동 지연 경보 해제 통과,1
5173,자동 대기 복귀 대기 진입 점검 복귀 수동 경보 진입 진입 통과 점검 진입 해제 해제 복귀 자동 경보 통과 해제 복귀 수동 자동 대기 진입 경보 복귀 점검 수동,0
5020,수동 복귀 해제 자동 복귀 점검 대기 자동 대기 복귀 대기 복귀 진입 자동 복귀 통과 진입 대기 진입 진입 복귀 해제 점검 해제 대기 진입 지연 지연 경보 점검 수동 수동 경보 대기,1
5086,수동 진입 해제 복귀 복귀 대기 자동 통과 복귀 통과 진입 해제 점검 통과 점검 대기 자동 진입 자동 경보 진입 해제 점검 통과 통과 경보 경보 해제 통과 수동 점검 수동,1
5251,자동 진입 지연 경보 진입 지연 해제 해제 경보 수동 점검 복귀 지연 대기 해제 진입 해제 경보 경보 해제 경보 점검 통과 해제 자동 대기 통과 대기 진입 대기 점검 수동 통과 자동 지연 수동,0
5226,수동 점검 대기 대기 자동 통과 해제 경보 대기 대기 복귀 수동 지연 경보 진입 진입 통과 통과 수동 점검 복귀 복귀 진입 해제 경보 자동 경보 해제 진입 자동 점검 지연 복귀,1
5003,자동 대기 수동 진입 대기 경보 경보 경보 대기 복귀 경보 경보 복귀 경보 진입 진입 수동 지연 경보 복귀 경보 통과 자동 지연 자동 대기 복귀 해제 대기 점검 수동 점검 경보 진입,0
5385,자동 경보 점검 경보 수동 수동 수동 복귀 진입 진입 진입 통과 점검 지연 대기 자동 진입 경보 경보 지연 복귀 진입 경보 해제 자동 해제,0
5053,자동 진입 경보 대기 경보 경보 자동 점검 점검 지연 지연 복귀 자동 통과 진입 해제 점검 점검 수동 수동 대기 진입 점검 수동 통과 해제 복귀 진입 지연 점검 통과,0
5203,자동 진입 수동 경보 복귀 경보 지연 해제 해제 진입 자동 해제 해제 지연 수동 진입 대기 지연 경보 지연 점검 지연 점검 점검 지연 해제 지연 경보 복귀 복귀 진입 지연 수동 자동 지연 복귀,0
5180,수동 해제 지연 대기 점검 점검 자동 자동 통과 복귀 경보 복귀 진입 해제 점검 대기 복귀 복귀 대기 자동 복귀 해제 지연 지연 점검 점검 수동 수동 진입 점검 통과,1
5302,수동 통과 경보 지연 점검 복귀 통과 경보 대기 지연 수동 통과 통과 자동 점검 복귀 경보 통과 통과 수동 대기 진입 대기 경보 경보 점검 점검 통과 통과 점검 자동 대기 자동,1
5394,수동 해제 경보 자동 진입 진입 해제 경보 자동 통과 경보 대기 통과 진입 경보 해제 점검 점검 복귀 통과 지연 복귀 대기 점검 경보 수동 지연 대기 복귀 해제 진입 수동 진입 자동 경보 복귀,1
5356,수동 진입 경보 해제 자동 해제 진입 지연 진입 통과 해제 대기 진입 통과 자동 점검 통과 수동 지연 통과 통과 통과 통과 점검 대기 통과 진입 진입 자동 경보 대기 해제 지연 수동 복귀,1
5333,자동 통과 자동 수동 대기 점검 점검 경보 지연 점검 점검 복귀 경보 점검 복귀 지연 수동 경보 복귀 복귀 지연 수동 복귀 진입 해제 지연 대기 자동 경보,0
5113,자동 지연 진입 수동 지연 통과 경보 해제 경보 대기 점검 자동 대기 경보 진입 수동 복귀 진입 수동 대기 점검 통과 대기 통과 지연 자동 경보 해제 진입 점검 진입,0
5070,수동 진입 진입 복귀 지연 자동 진입 지연 복귀 통과 해제 점검 수동 지연 해제 자동 자동 복귀 복귀 지연 대기 점검 수동 해제,1
5366,수동 경보 진입 통과 통과 해제 복귀 해제 해제 경보 복귀 자동 해제 해제 통과 수동 점검 복귀 복귀 진입 지연 수동 진입 자동 자동 대기 통과 대기 경보 경보 점검 해제 통과 지연 대기 대기,1
5376,수동 점검 지연 해제 자동 경보 지연 복귀 해제 경보 해제 복귀 해제 대기 통과 통과 자동 통과 지연 경보 복귀 대기 자동 진입 진입 통과 수동 복귀 수동 경보,1
5338,수동 통과 진입 수동 지연 경보 지연 복귀 복귀 경보 대기 자동 복귀 대기 경보 진입 지연 진입 경보 통과 통과 경보 자동 대기 자동 지연 진입 수동 복귀 진입 해제 진입 지연 해제 통과,1
5081,자동 경보 수동 경보 경보 점검 진입 대기 통과 통과 지연 경보 대기 경보 경보 진입 점검 대기 진입 통과 지연 점검 점검 대기 통과 수동 자동 통과 복귀 자동 점검 진입 통과 진입 수동 점검,0
5120,수동 대기 자동 지연 해제 점검 복귀 통과 진입 자동 통과 점검 해제 복귀 대기 수동 대기 복귀 수동 통과 진입 진입 복귀 진입 자동 경보 통과 복귀 점검 복귀 해제 진입 복귀 대기 통과,1
5125,자동 통과 복귀 통과 진입 경보 복귀 수동 경보 대기 경보 경보 점검 진입 진입 대기 자동 점검 대기 통과 통과 통과 지연 수동 해제 경보 지연 지연 수동 자동 복귀,0
5032,수동 지연 지연 점검 점검 경보 해제 진입 통과 경보 지연 자동 지연 점검 통과 경보 경보 점검 수동 경보 경보 통과 점검 수동 자동 해제 경보 대기 통과 통과 해제 자동,1
5047,자동 경보 통과 대기 통과 통과 자동 수동 대기 대기 경보 진입 지연 진입 통과 진입 수동 지연 점검 자동 점검 해제 진입 점검 수동 지연 지연 대기 점검 진입 해제 통과 대기 통과,0
5191,자동 자동 경보 복귀 점검 점검 진입 지연 지연 통과 수동 자동 지연 경보 수동 해제 통과 점검 경보 경보 대기 경보 경보 수동 해제 복귀 대기 경보 지연 통과 대기 대기 복귀 복귀 진입,0
5246,수동 진입 점검 복귀 자동 지연 해제 자동 수동 지연 복귀 지연 복귀 점검 통과 대기 통과 경보 지연 해제 통과 대기 자동 수동,1
5037,자동 대기 통과 복귀 지연 해제 대기 통과 수동 해제 진입 수동 통과 자동 점검 통과 통과 지연 해제 점검 대기 지연 진입 해제 진입 수동 대기 경보 자동,0
5283,자동 경보 해제 통과 대기 지연 자동 지연 해제 수동 점검 수동 지연 자동 진입 진입 지연 통과 점검 해제 지연 대기 진입 복귀 복귀 해제 지연 수동,0
5077,자동 경보 지연 지연 대기 해제 수동 경보 경보 자동 수동 점검 지연 진입 자동 해제 통과 대기 해제 점검 점검 대기 점검 해제 수동 복귀 진입 대기,0
5073,자동 지연 진입 점검 진입 해제 진입 점검 점검 복귀 복귀 해제 점검 지연 진입 수동 지연 통과 자동 대기 해제 자동 대기 수동 점검 진입 대기 진입 진입 대기 수동 점검,0
5228,수동 경보 점검 통과 복귀 대기 복귀 대기 해제 수동 자동 통과 통과 경보 해제 경보 자동 대기 지연 진입 복귀 복귀 경보 진입 점검 경보 복귀 대기 대기 자동 복귀 통과 복귀 수동,1
5057,자동 자동 대기 수동 지연 해제 해제 대기 복귀 수동 진입 경보 대기 경보 해제 수동 점검 통과 진입 지연 복귀 해제 지연 대기 자동 대기 복귀 점검,0
5154,수동 수동 점검 자동 지연 통과 지연 경보 복귀 자동 복귀 경보 복귀 점검 통과 점검 점검 지연 대기 수동 진입 지연 대기 자동,1
5261,자동 수동 경보 복귀 자동 점검 수동 해제 대기 복귀 진입 진입 진입 경보 수동 복귀 점검 통과 지연 복귀 자동 진입 경보 대기 복귀 점검 경보 경보 점검 복귀 복귀 해제 통과 해제 진입,0
5178,수동 경보 진입 해제 경보 지연 자동 통과 점검 해제 경보 지연 해제 자동 경보 진입 점검 통과 자동 복귀 해제 지연 통과 점검 복귀 복귀 점검 대기 수동 점검 수동,1
5257,자동 경보 해제 복귀 수동 해제 해제 수동 복귀 점검 진입 경보 자동 지연 자동 지연 점검 통과 수동 해제 통과 대기 복귀 경보 지연 지연 경보 진입 경보,0
5252,수동 진입 경보 자동 복귀 점검 대기 해제 대기 대기 진입 점검 점검 점검 통과 복귀 수동 경보 자동 진입 경보 해제 해제 자동 복귀 수동 점검 해제,1
5068,수동 지연 자동 해제 통과 지연 통과 경보 대기 통과 점검 지연 경보 해제 통과 대기 수동 해제 지연 대기 지연 자동 통과 해제 수동 복귀 복귀 해제 복귀 자동 진입 통과 진입,1
5190,수동 대기 복귀 점검 통과 점검 진입 자동 통과 자동 수동 해제 진입 대기 통과 해제 대기 점검 복귀 지연 경보 통과 자동 지연 점검 경보 복귀 해제 진입 지연 지연 지연 점검 통과 수동 해제,1
5139,자동 수동 대기 경보 수동 지연 경보 경보 점검 통과 대기 점검 해제 대기 해제 경보 자동 복귀 수동 자동 지연 통과 지연 복귀 해제 점검 대기 점검 점검 대기,0
5072,수동 대기 복귀 경보 경보 점검 대기 해제 대기 지연 자동 경보 자동 진입 대기 복귀 경보 복귀 점검 대기 점검 진입 통과 자동 통과 통과 수동 경보 진입 대기 수동 지연 진입 통과,1
5219,자동 수동 점검 점검 통과 해제 대기 복귀 진입 해제 수동 지연 지연 점검 해제 대기 복귀 통과 수동 점검 지연 점검 진입 복귀 경보 대기 자동 자동 통과 점검 대기,0
5079,자동 지연 점검 대기 대기 복귀 통과 진입 경보 지연 점검 점검 대기 지연 복귀 해제 대기 수동 진입 통과 해제 자동 해제 통과 점검 수동 진입 통과 경보 복귀 해제 수동 지연 해제 지연 자동,0
5310,수동 지연 통과 수동 지연 경보 대기 자동 점검 점검 대기 경보 지연 지연 대기 대기 진입 자동 진입 경보 대기 진입 수동 해제 자동 대기 복귀,1
5269,자동 해제 복귀 해제 진입 해제 수동 점검 진입 진입 복귀 대기 경보 수동 해제 점검 대기 해제 통과 자동 수동 해제 해제 자동 해제 점검 경보,0
5161,자동 복귀 진입 대기 통과 진입 통과 복귀 점검 지연 자동 수동 복귀 수동 해제 점검 지연 통과 점검 진입 대기 점검 자동 통과 수동 대기 대기 해제 통과 대기 대기,0
5098,수동 지연 점검 경보 통과 지연 점검 통과 지연 자동 수동 경보 경보 진입 점검 통과 경보 지연 점검 수동 대기 지연 해제 자동 자동 진입 진입 대기 대기 점검,1
5398,수동 복귀 진입 대기 대기 점검 복귀 경보 점검 경보 자동 통과 자동 해제 진입 진입 대기 통과 자동 지연 수동 점검 지연 복귀 경보 점검 수동 지연 대기 점검 경보 지연,1
5256,수동 자동 대기 통과 점검 복귀 대기 수동 자동 경보 진입 통과 복귀 해제 지연 수동 복귀 대기 복귀 진입 지연 자동 해제 지연 복귀,1
5309,자동 대기 자동 해제 통과 점검 진입 점검 진입 해제 복귀 경보 해제 진입 통과 지연 해제 진입 지연 수동 수동 수동 복귀 지연 지연 경보 자동 대기 대기 점검 경보,0
5327,자동 수동 통과 진입 경보 지연 자동 통과 진입 복귀 진입 복귀 복귀 수동 해제 지연 대기 복귀 통과 지연 대기 복귀 대기 자동 해제 수동 진입 복귀 지연 대기,0
5321,자동 수동 해제 대기 해제 경보 복귀 지연 수동 복귀 해제 경보 지연 경보 대기 지연 점검 복귀 수동 해제 점검 점검 경보 대기 점검 복귀 지연 복귀 자동 자동,0
5351,자동 진입 지연 해제 자동 지연 대기 진입 점검 복귀 점검 통과 복귀 해제 통과 통과 점검 경보 점검 복귀 복귀 대기 수동 자동 대기 통과 점검 점검 경보 지연 수동 통과 경보 해제 수동,0
5094,수동 해제 진입 수동 점검 진입 복귀 수동 경보 대기 자동 해제 진입 복귀 자동 자동 경보 대기 대기 대기 경보 점검 점검 지연 복귀,1
5044,수동 경보 점검 해제 지연 진입 복귀 수동 통과 해제 지연 복귀 통과 자동 경보 해제 경보 점검 점검 지연 지연 해제 점검 해제 진입 지연 자동 수동 자동 해제 통과 해제,1
5090,수동 점검 통과 해제 자동 진입 해제 해제 복귀 점검 지연 지연 복귀 경보 경보 진입 수동 수동 점검 자동 점검 대기 경보 경보 복귀 점검 복귀 지연 경보 점검 자동 지연,1
5024,수동 복귀 지연 자동 수동 지연 복귀 통과 경보 지연 점검 통과 점검 점검 점검 점검 자동 자동 점검 복귀 지연 경보 해제 통과 경보 지연 수동 점검,1
5390,수동 수동 점검 진입 자동 해제 복귀 진입 자동 경보 해제 대기 지연 자동 대기 지연 점검 해제 대기 통과 점검 지연 해제 점검 경보 지연 대기 복귀 경보 진입 수동 통과,1
5224,수동 지연 통과 자동 통과 진입 진입 대기 경보 복귀 자동 지연 수동 경보 지연 대기 복귀 복귀 복귀 해제 진입 수동 지연 해제 대기 자동 진입 경보 진입 해제 대기 진입 통과 경보 경보 통과,1
5193,자동 점검 경보 해제 통과 통과 수동 복귀 경보 수동 대기 통과 해제 복귀 통과 통과 대기 복귀 점검 해제 자동 경보 점검 대기 수동 경보 자동,0
5038,수동 해제 수동 진입 해제 대기 지연 대기 진입 자동 수동 대기 복귀 통과 해제 자동 지연 대기 경보 자동 해제 점검 경보 대기 진입 통과,1
5288,수동 대기 자동 지연 해제 복귀 대기 경보 대기 자동 진입 진입 복귀 진입 진입 진입 수동 해제 진입 대기 수동 진입 경보 점검 경보 지연 자동,1
5378,수동 해제 경보 점검 진입 진입 경보 지연 지연 경보 해제 경보 자동 수동 수동 경보 점검 지연 점검 자동 대기 자동 복귀 점검 대기 진입 대기 진입,1
5194,수동 진입 경보 지연 대기 자동 자동 해제 진입 지연 복귀 점검 자동 대기 지연 지연 통과 수동 통과 대기 복귀 점검 수동 지연 통과 통과 경보,1
5275,자동 점검 진입 진입 대기 자동 복귀 수동 진입 해제 점검 경보 해제 경보 통과 자동 점검 지연 해제 복귀 해제 지연 통과 대기 해제 대기 경보 진입 진입 수동 점검 수동 대기 진입,0
5028,수동 대기 점검 자동 점검 수동 대기 통과 수동 복귀 자동 점검 자동 지연 통과 대기 통과 통과 진입 점검 경보 해제 점검 경보 지연 통과 통과 진입 해제 대기 복귀,1
5232,수동 경보 복귀 대기 해제 통과 해제 진입 통과 지연 통과 대기 통과 대기 복귀 경보 대기 자동 대기 통과 경보 자동 통과 경보 경보 수동 해제 수동 지연 자동 점검 통과 대기,1
5286,수동 점검 수동 해제 자동 경보 복귀 통과 복귀 수동 대기 자동 지연 진입 통과 점검 통과 지연 대기 진입 경보 복귀 경보 자동 복귀 대기 점검,1
5014,수동 경보 자동 통과 경보 대기 지연 진입 대기 통과 통과 복귀 복귀 통과 수동 해제 통과 대기 진입 점검 진입 지연 통과 점검 진입 해제 진입 진입 점검 지연 수동 자동 자동 진입,1
5042,수동 대기 진입 통과 통과 통과 통과 지연 경보 자동 대기 대기 진입 복귀 대기 자동 통과 복귀 수동 수동 자동 대기 지연 경보,1
5325,자동 통과 점검 경보 점검 점검 진입 수동 대기 진입 자동 해제 해제 점검 해제 대기 수동 해제 대기 수동 자동 대기 해제 해제 지연,0
5135,자동 경보 해제 복귀 통과 진입 대기 지연 복귀 진입 수동 자동 수동 통과 대기 자동 진입 대기 통과 점검 진입 경보 점검 해제 지연 지연 통과 해제 대기 통과 복귀 수동 복귀 복귀 해제 지연,0
5389,자동 점검 경보 해제 자동 해제 통과 지연 자동 수동 복귀 경보 점검 경보 지연 해제 수동 수동 점검 점검 경보 진입 대기 복귀,0
5060,수동 자동 경보 경보 복귀 복귀 수동 대기 해제 경보 대기 점검 자동 통과 자동 점검 경보 수동 점검 대기 통과 대기 대기 경보 복귀 진입 지연 지연 지연 지연 진입,1
5265,자동 대기 자동 통과 해제 수동 복귀 대기 진입 지연 점검 지연 지연 해제 지연 해제 대기 대기 통과 수동 점검 복귀 대기 진입 지연 경보 자동 진입 경보 해제 수동 경보,0
5205,자동 경보 지연 대기 지연 점검 통과 수동 복귀 수동 복귀 해제 복귀 자동 진입 수동 경보 복귀 점검 복귀 경보 대기 대기 자동 통과 통과 경보 복귀,0
5163,자동 경보 진입 지연 통과 통과 자동 수동 복귀 진입 점검 진입 수동 복귀 진입 복귀 지연 대기 통과 경보 복귀 해제 대기 자동 수동 통과 복귀 경보 점검 진입 진입,0
5160,수동 대기 진입 자동 수동 점검 점검 대기 진입 통과 복귀 자동 점검 복귀 점검 지연 통과 점검 해제 수동 진입 자동 경보 경보 통과,1
5267,자동 복귀 지연 대기 자동 지연 경보 대기 점검 진입 대기 통과 진입 복귀 복귀 통과 진입 자동 복귀 수동 수동 대기 대기 수동 대기 진입 해제 지연 대기 대기 경보,0
5144,수동 자동 수동 해제 복귀 지연 대기 자동 경보 통과 해제 대기 복귀 점검 대기 통과 지연 해제 복귀 점검 지연 통과 수동 자동 경보 경보 경보 해제,1
5006,수동 경보 경보 해제 자동 경보 대기 수동 지연 해제 점검 대기 진입 자동 복귀 해제 경보 복귀 자동 경보 통과 해제 진입 점검 대기 경보 복귀 통과 대기 점검 진입 경보 통과 수동,1
5273,자동 통과 통과 대기 진입 수동 지연 대기 경보 해제 복귀 통과 통과 진입 자동 진입 통과 수동 대기 진입 진입 통과 통과 복귀 진입 자동 복귀 지연 복귀 통과 수동 점검 해제 진입 점검 대기,0
5263,자동 복귀 통과 지연 자동 경보 해제 수동 점검 점검 수동 대기 대기 경보 점검 지연 점검 점검 경보 수동 자동 진입 지연 해제 지연 해제 지연 점검 복귀 경보 경보 지연,0
5347,자동 수동 점검 진입 해제 경보 복귀 복귀 해제 대기 점검 대기 진입 진입 통과 지연 자동 수동 통과 복귀 진입 통과 통과 자동 진입 경보 복귀 대기 진입 경보 수동 경보 대기,0
5011,자동 수동 점검 통과 해제 해제 통과 점검 지연 통과 복귀 점검 진입 통과 대기 통과 진입 진입 경보 점검 수동 지연 해제 점검 자동 해제 지연 대기 해제 점검 수동 복귀 자동 해제 지연,0
5361,자동 대기 대기 통과 지연 자동 진입 해제 진입 점검 수동 점검 지연 경보 자동 복귀 진입 대기 지연 통과 복귀 수동 점검 대기 해제 진입 경보 해제 복귀 수동 진입 점검 통과 통과,0
5299,자동 수동 경보 점검 지연 지연 진입 해제 자동 지연 진입 대기 통과 대기 지연 복귀 복귀 점검 대기 해제 대기 자동 점검 진입 대기 수동 수동,0
5368,수동 지연 해제 통과 대기 자동 복귀 해제 경보 점검 복귀 지연 대기 경보 복귀 해제 복귀 점검 진입 자동 지연 해제 경보 자동 해제 점검 대기 수동 대기 수동 진입 대기,1
5250,수동 해제 복귀 경보 해제 통과 복귀 자동 대기 지연 통과 통과 수동 자동 점검 점검 복귀 점검 해제 진입 지연 자동 복귀 대기 진입 점검 수동 경보 경보,1
5130,수동 경보 해제 진입 자동 수동 경보 지연 경보 자동 경보 대기 지연 점검 지연 진입 점검 자동 지연 지연 해제 대기 대기 점검 점검 대기 수동 대기 복귀 복귀 대기,1
5315,자동 수동 지연 대기 수동 자동 지연 해제 진입 지연 경보 경보 통과 통과 해제 지연 통과 점검 수동 자동 대기 진입 해제 해제,0
5182,수동 지연 수동 지연 경보 자동 해제 복귀 대기 경보 지연 수동 복귀 자동 대기 대기 대기 지연 경보 복귀 경보 점검 해제 자동,1
5124,수동 지연 수동 대기 통과 복귀 대기 자동 지연 진입 통과 자동 진입 복귀 통과 통과 수동 점검 경보 점검 통과 지연 통과 지연 지연 점검 대기 경보 지연 지연 자동 경보 경보 진입,1
5195,자동 점검 대기 대기 해제 자동 해제 해제 복귀 자동 점검 대기 경보 경보 점검 수동 수동 경보 지연 복귀 지연 진입 지연 대기 통과 점검 수동 복귀 해제 해제 경보,0
5100,수동 해제 대기 점검 자동 대기 지연 대기 점검 지연 진입 대기 지연 해제 자동 통과 자동 경보 점검 통과 지연 대기 수동 점검 점검 점검 수동 진입,1
5112,수동 복귀 대기 통과 해제 복귀 통과 지연 수동 점검 진입 복귀 자동 점검 통과 해제 점검 지연 수동 점검 경보 자동 자동 지연 복귀,1
5293,자동 수동 대기 수동 진입 경보 복귀 경보 경보 점검 해제 해제 통과 진입 지연 복귀 자동 점검 복귀 점검 수동 대기 진입 자동 지연 대기 복귀 진입 통과 복귀 지연 해제,0
5008,수동 통과 자동 복귀 대기 복귀 지연 수동 대기 지연 대기 경보 진입 자동 통과 대기 수동 점검 점검 점검 자동 경보 해제 통과 경보,1
5367,자동 해제 해제 통과 해제 대기 대기 점검 대기 수동 점검 통과 통과 수동 대기 수동 복귀 통과 자동 자동 경보 대기 지연 통과 경보 진입 지연 진입 대기 해제 통과 해제 대기,0
5056,수동 대기 대기 경보 자동 수동 통과 복귀 해제 해제 경보 해제 통과 복귀 복귀 통과 통과 대기 해제 자동 복귀 해제 수동 진입 점검 진입 복귀 복귀 경보 복귀 통과 대기 자동,1
5304,수동 해제 점검 진입 수동 자동 자동 자동 대기 해제 해제 경보 경보 진입 대기 해제 복귀 지연 복귀 진입 지연 해제 수동 해제 해제 복귀 해제 해제 통과 통과 대기,1
5220,수동 자동 대기 복귀 경보 점검 해제 수동 해제 점검 진입 대기 진입 대기 점검 지연 대기 수동 지연 복귀 진입 자동 복귀 경보 경보 경보 지연 지연 자동,1
5084,수동 대기 대기 점검 진입 점검 수동 해제 통과 지연 대기 자동 자동 경보 수동 자동 진입 해제 통과 해제 통과 진입 복귀 복귀 통과,1
5277,자동 진입 지연 점검 자동 진입 점검 복귀 지연 진입 진입 복귀 수동 수동 지연 진입 지연 자동 경보 경보 해제 수동 지연 대기 진입 해제,0
5204,수동 점검 대기 통과 자동 해제 지연 경보 점검 지연 수동 해제 대기 자동 경보 복귀 수동 점검 점검 지연 대기 대기 대기 진입 진입 지연 점검 통과 대기 통과 복귀 점검 대기 복귀 자동 경보,1
5142,수동 해제 자동 점검 해제 경보 해제 복귀 통과 해제 지연 해제 해제 자동 점검 대기 수동 자동 경보 복귀 해제 수동 대기 경보 점검,1
5114,수동 점검 복귀 통과 경보 자동 통과 해제 경보 해제 수동 해제 수동 자동 지연 진입 점검 통과 점검 지연 진입 해제 해제 자동 해제 지연 통과,1
5177,자동 진입 대기 복귀 경보 지연 수동 진입 대기 진입 수동 해제 자동 진입 자동 대기 복귀 통과 통과 경보 수동 복귀 진입 해제 복귀 지연 복귀 경보 해제 진입 점검 통과 해제 지연,0
5148,수동 자동 경보 해제 통과 해제 해제 해제 경보 복귀 수동 지연 자동 해제 복귀 통과 해제 진입 해제 수동 복귀 통과 해제 자동 진입 복귀 해제,1
5225,자동 점검 점검 점검 자동 수동 복귀 점검 대기 점검 경보 수동 해제 복귀 점검 수동 진입 지연 점검 복귀 자동 복귀 해제 진입 해제 지연 점검 경보 복귀,0
5239,자동 진입 복귀 경보 점검 통과 복귀 지연 자동 경보 대기 해제 지연 해제 지연 진입 점검 점검 대기 지연 해제 지연 통과 지연 대기 해제 통과 수동 수동 지연 자동 대기 해제 지연 수동,0
5045,자동 수동 통과 지연 대기 자동 수동 경보 자동 지연 점검 통과 대기 경보 복귀 지연 경보 통과 해제 지연 통과 복귀 진입 복귀 진입 복귀 점검 해제 수동,0
5359,자동 통과 진입 점검 자동 해제 지연 진입 진입 수동 해제 지연 수동 자동 대기 복귀 진입 수동 지연 통과 지연 지연 진입 대기 진입 통과 복귀,0
5101,자동 통과 자동 복귀 해제 대기 자동 점검 복귀 경보 점검 통과 진입 점검 경보 통과 수동 경보 수동 해제 진입 점검 경보 점검 점검 수동 대기 대기 지연,0
5396,수동 복귀 해제 복귀 자동 진입 대기 대기 자동 대기 지연 해제 수동 점검 복귀 통과 복귀 해제 통과 수동 지연 대기 진입 복귀 해제 자동 점검 지연 통과 점검 지연 복귀 지연 해제 해제,1
5236,수동 대기 자동 지연 지연 경보 경보 해제 통과 진입 자동 경보 점검 경보 지연 대기 지연 복귀 통과 진입 자동 수동 대기 통과 통과 복귀 진입 경보 점검 수동 지연 지연,1
5318,수동 지연 경보 해제 복귀 해제 대기 점검 자동 지연 수동 진입 대기 경보 점검 복귀 자동 해제 복귀 점검 수동 자동 대기 지연 복귀 대기 진입 점검,1
5298,수동 수동 복귀 지연 대기 자동 수동 점검 경보 통과 대기 경보 통과 지연 경보 경보 대기 복귀 진입 진입 자동 진입 자동 복귀 복귀 복귀 지연 통과 통과 통과 통과,1
5188,수동 지연 자동 경보 경보 복귀 점검 통과 복귀 자동 해제 복귀 지연 지연 지연 해제 수동 통과 점검 대기 수동 자동 진입 대기 해제 점검 진입 진입 경보,1
5071,자동 진입 자동 대기 진입 점검 수동 통과 수동 점검 지연 수동 경보 지연 자동 대기 해제 지연 경보 점검 경보 대기 점검 경보 복귀 통과 복귀 경보 경보 진입 경보 해제 통과 해제 통과,0
5244,수동 통과 점검 해제 경보 자동 지연 경보 수동 진입 복귀 경보 해제 통과 점검 자동 점검 자동 지연 수동 지연 복귀 지연 진입,1
5212,수동 진입 복귀 복귀 해제 통과 점검 경보 복귀 진입 지연 지연 점검 자동 통과 진입 지연 점검 진입 수동 통과 진입 수동 자동 진입 지연 지연 자동 점검 통과,1
5391,자동 지연 자동 해제 지연 복귀 점검 수동 해제 지연 진입 점검 진입 수동 경보 지연 수동 진입 통과 해제 점검 자동 해제 지연,0
5166,수동 지연 수동 복귀 지연 자동 통과 대기 경보 복귀 자동 해제 경보 통과 복귀 복귀 자동 점검 진입 대기 해제 대기 통과 수동 통과 대기 통과,1
5197,자동 통과 대기 통과 지연 복귀 대기 수동 통과 진입 점검 대기 경보 경보 해제 진입 복귀 자동 자동 대기 수동 점검 복귀 대기 경보 복귀 수동,0
5328,수동 지연 경보 통과 점검 수동 진입 수동 통과 복귀 경보 대기 자동 복귀 대기 복귀 지연 점검 복귀 자동 진입 복귀 대기 자동 통과 지연,1
5316,수동 진입 자동 대기 대기 해제 복귀 자동 진입 수동 대기 대기 자동 경보 수동 점검 지연 해제 해제 지연 해제 지연 경보 점검 해제 점검,1
5152,수동 경보 수동 지연 통과 해제 복귀 해제 점검 복귀 해제 해제 진입 자동 점검 경보 지연 통과 지연 통과 자동 대기 해제 해제 수동 자동 경보 지연 진입 해제,1
5214,수동 자동 자동 복귀 통과 진입 복귀 복귀 점검 통과 복귀 자동 대기 통과 해제 해제 수동 점검 대기 통과 경보 수동 대기 통과 진입 점검,1
5004,수동 수동 대기 통과 진입 지연 해제 경보 통과 점검 자동 복귀 지연 통과 대기 해제 자동 경보 경보 진입 점검 점검 진입 대기 점검 점검 수동 통과 점검 자동 점검,1
5393,자동 자동 대기 해제 지연 진입 대기 진입 수동 해제 복귀 진입 경보 대기 경보 해제 수동 복귀 경보 복귀 경보 대기 점검 자동 해제 지연 경보 수동 지연,0
5395,자동 복귀 해제 통과 지연 통과 해제 통과 통과 자동 수동 진입 해제 점검 수동 진입 수동 경보 경보 진입 복귀 자동 지연 통과 지연 대기 대기 통과 경보,0
5296,수동 통과 복귀 대기 복귀 진입 진입 통과 자동 진입 경보 통과 수동 점검 경보 대기 복귀 점검 자동 복귀 지연 점검 통과 수동 점검 경보 해제 진입 자동 점검,1
5242,수동 진입 진입 자동 지연 수동 진입 복귀 수동 복귀 점검 자동 해제 지연 진입 경보 진입 대기 자동 해제 경보 대기 지연 대기 점검 대기,1
5155,자동 지연 진입 복귀 점검 점검 자동 점검 복귀 해제 지연 점검 진입 통과 경보 수동 복귀 자동 진입 지연 해제 수동 지연 해제 경보 진입 복귀 해제 해제 통과 지연 진입 대기 수동 해제,0
5087,자동 자동 통과 지연 수동 경보 수동 점검 점검 지연 대기 경보 지연 통과 경보 지연 진입 복귀 통과 경보 지연 수동 해제 해제 대기 자동 경보 지연 진입 점검 복귀 경보,0
5215,자동 해제 수동 점검 지연 진입 점검 복귀 통과 진입 지연 경보 진입 해제 수동 수동 지연 자동 지연 경보 복귀 자동 해제 해제,0
5065,자동 해제 복귀 대기 해제 점검 복귀 경보 해제 해제 수동 자동 수동 경보 통과 지연 점검 점검 해제 해제 자동 복귀 통과 대기 수동 경보 경보 지연 복귀 통과,0
5290,수동 통과 수동 통과 대기 점검 통과 복귀 지연 통과 통과 지연 해제 자동 수동 점검 경보 경보 대기 자동 점검 통과 진입 자동 해제 점검,1
5018,수동 해제 자동 지연 점검 진입 해제 지연 수동 자동 점검 통과 대기 복귀 자동 진입 지연 수동 대기 해제 점검 진입 대기 해제 통과,1
5336,수동 경보 통과 수동 대기 자동 해제 대기 자동 해제 지연 해제 해제 해제 복귀 통과 자동 지연 해제 점검 진입 대기 대기 복귀 수동 경보 복귀,1
5237,자동 대기 대기 통과 대기 통과 대기 지연 통과 진입 대기 해제 대기 수동 통과 수동 경보 자동 자동 복귀 복귀 수동 복귀 통과 복귀 지연 진입 복귀 지연,0
5093,자동 해제 복귀 지연 복귀 대기 해제 통과 해제 수동 통과 대기 진입 수동 대기 통과 대기 대기 진입 경보 자동 대기 해제 지연 진입 수동 지연 대기 자동 진입,0
5372,수동 해제 대기 대기 수동 점검 지연 대기 통과 경보 해제 대기 진입 대기 지연 지연 지연 대기 복귀 자동 대기 점검 경보 진입 자동 대기 경보 경보 경보 지연 자동 복귀 진입 해제 수동 대기,1
5078,수동 경보 복귀 대기 자동 대기 자동 지연 지연 경보 진입 점검 복귀 지연 지연 대기 통과 통과 복귀 대기 통과 수동 대기 지연 지연 대기 해제 복귀 경보 진입 점검 진입 수동 대기 지연 자동,1
5311,자동 자동 복귀 점검 진입 복귀 수동 지연 수동 통과 진입 복귀 통과 대기 경보 점검 지연 대기 대기 지연 지연 지연 진입 수동 자동 통과 경보 경보 지연 점검 지연 해제 지연 점검,0
5083,자동 대기 자동 점검 복귀 지연 지연 대기 수동 경보 복귀 지연 수동 통과 통과 대기 대기 복귀 해제 지연 해제 대기 대기 대기 수동 자동 진입 점검 진입 점검 진입,0
5099,자동 자동 경보 진입 자동 해제 진입 통과 해제 수동 해제 수동 진입 복귀 지연 복귀 복귀 점검 점검 지연 진입 복귀 수동 해제 경보 진입 복귀 경보 통과 경보 지연 대기 통과 경보 복귀,0
5322,수동 통과 복귀 대기 대기 지연 대기 대기 통과 자동 해제 자동 진입 복귀 수동 경보 지연 진입 지연 자동 해제 복귀 해제 진입 복귀 통과 경보 수동 지연 진입 해제 경보 점검 진입,1
5105,자동 통과 해제 점검 자동 해제 통과 해제 통과 자동 대기 점검 복귀 지연 경보 수동 지연 수동 복귀 경보 진입 점검 대기 진입 수동 통과 복귀 통과 통과,0
5354,수동 수동 복귀 자동 점검 점검 복귀 경보 복귀 대기 복귀 해제 복귀 점검 점검 해제 수동 자동 대기 자동 경보 해제 지연 통과 점검 복귀 진입 해제 지연,1
5169,자동 점검 점검 해제 점검 통과 지연 경보 진입 경보 대기 지연 대기 수동 진입 통과 경보 지연 수동 대기 수동 자동 대기 경보 해제 자동 대기,0
5337,자동 해제 경보 수동 통과 해제 복귀 복귀 해제 통과 대기 자동 경보 수동 해제 지연 통과 자동 통과 수동 경보 점검 해제 통과 지연 대기 해제 점검 진입 통과 대기 진입,0
5314,수동 진입 지연 경보 자동 통과 통과 점검 수동 점검 대기 자동 통과 대기 점검 지연 경보 통과 복귀 수동 경보 대기 지연 지연 지연 통과 대기 자동 경보 복귀 지연,1
5080,수동 점검 복귀 대기 복귀 진입 자동 대기 점검 경보 대기 자동 점검 대기 자동 수동 경보 복귀 대기 점검 진입 경보 대기 지연 수동 대기 통과,1
5399,자동 통과 대기 해제 복귀 해제 수동 점검 수동 진입 지연 자동 복귀 대기 지연 경보 통과 통과 자동 경보 대기 통과 대기 지연 경보 해제 지연 복귀 수동 대기 경보 지연,0
5019,자동 진입 수동 대기 지연 자동 통과 대기 진입 지연 수동 경보 복귀 지연 수동 경보 통과 대기 자동 대기 지연 진입 진입 대기 복귀 지연 지연 해제,0
5213,자동 지연 지연 대기 경보 수동 수동 대기 자동 통과 복귀 경보 통과 통과 해제 점검 통과 해제 복귀 점검 수동 해제 대기 자동 점검 대기 경보 복귀 복귀,0
5063,자동 복귀 진입 지연 수동 해제 통과 자동 대기 복귀 점검 수동 대기 지연 통과 해제 점검 해제 복귀 점검 진입 진입 지연 통과 복귀 진입 수동 통과 통과 진입 복귀 복귀 자동 지연,0
5067,자동 해제 대기 점검 경보 복귀 진입 수동 통과 자동 수동 경보 수동 대기 자동 해제 진입 통과 경보 통과 복귀 진입 대기 점검 지연 지연,0
5055,자동 지연 통과 수동 지연 경보 통과 복귀 지연 자동 통과 진입 경보 점검 점검 지연 통과 복귀 자동 해제 대기 대기 진입 수동 진입 수동,0
5085,자동 해제 통과 점검 자동 수동 진입 대기 대기 복귀 복귀 지연 자동 진입 점검 수동 점검 경보 복귀 복귀 점검 지연 복귀 지연 지연 해제 지연 대기 해제 대기 수동 점검,0
5352,수동 수동 자동 해제 진입 지연 점검 복귀 통과 해제 대기 점검 경보 통과 수동 점검 대기 자동 자동 점검 복귀 통과 해제 통과 통과 점검 진입 점검 진입 경보 진입,1
5179,자동 경보 복귀 수동 복귀 해제 대기 수동 통과 복귀 경보 통과 해제 지연 점검 수동 통과 진입 자동 해제 복귀 해제 해제 복귀 점검 경보 자동 진입 진입 해제 점검 대기 경보 지연 진입 점검,0
5043,자동 자동 지연 지연 해제 지연 수동 진입 복귀 진입 경보 대기 대기 대기 수동 자동 점검 대기 수동 경보 진입 경보 점검 경보,0
5324,수동 복귀 지연 점검 점검 대기 대기 수동 대기 진입 해제 복귀 지연 해제 지연 해제 경보 점검 수동 점검 점검 자동 진입 자동 진입 경보 진입 통과 해제 점검 자동 복귀 복귀 점검,1
5153,자동 점검 대기 경보 통과 통과 진입 복귀 통과 자동 경보 경보 점검 해제 해제 수동 수동 지연 수동 자동 진입 지연 점검 진입 점검 지연 진입 해제,0
5127,자동 수동 대기 경보 자동 진입 복귀 대기 점검 대기 지연 해제 점검 지연 수동 자동 해제 지연 진입 점검 해제 점검 경보 경보 통과 수동,0
5021,자동 해제 대기 지연 복귀 수동 경보 자동 점검 경보 지연 복귀 경보 점검 복귀 통과 진입 점검 진입 수동 자동 지연 대기 통과 복귀 해제 수동 복귀 복귀 대기 진입,0
5381,자동 대기 점검 통과 자동 점검 경보 해제 복귀 수동 대기 통과 해제 대기 점검 통과 수동 점검 대기 진입 해제 수동 통과 자동 경보 지연 진입 경보,0
5330,수동 자동 해제 진입 점검 지연 지연 지연 통과 점검 수동 대기 복귀 해제 자동 수동 진입 통과 점검 자동 대기 복귀 통과 대기,1
5141,자동 해제 진입 경보 점검 수동 진입 해제 경보 복귀 통과 대기 경보 지연 대기 복귀 해제 점검 자동 복귀 복귀 지연 수동 점검 자동 통과 수동,0
5255,자동 통과 통과 복귀 자동 복귀 진입 점검 대기 수동 수동 통과 지연 복귀 진입 통과 지연 점검 경보 통과 점검 해제 진입 복귀 경보 경보 경보 대기 대기 진입 경보 자동 경보 진입 수동 지연,0
5005,자동 경보 대기 통과 진입 해제 수동 자동 해제 대기 해제 자동 해제 진입 수동 점검 대기 복귀 복귀 수동 지연 대기 진입 복귀 진입 지연 복귀,0
5013,자동 자동 경보 점검 경보 대기 진입 자동 통과 통과 수동 해제 진입 진입 통과 복귀 경보 진입 해제 점검 해제 통과 통과 점검 해제 진입 수동 지연 경보 수동,0
5270,수동 수동 통과 해제 복귀 대기 해제 경보 진입 수동 자동 진입 진입 자동 복귀 지연 경보 진입 진입 통과 해제 지연 자동 점검 진입 경보,1
5059,자동 통과 수동 지연 자동 통과 대기 통과 수동 지연 지연 지연 대기 해제 대기 해제 지연 통과 경보 해제 점검 수동 대기 경보 통과 점검 점검 지연 진입 복귀 통과 진입 자동 지연 진입 경보,0
5001,자동 복귀 지연 경보 복귀 경보 복귀 해제 통과 경보 복귀 점검 경보 복귀 진입 진입 대기 대기 통과 수동 복귀 복귀 지연 점검 복귀 수동 복귀 복귀 자동 해제 자동 해제 통과 수동 진입 대기,0
5382,수동 경보 점검 복귀 지연 통과 점검 수동 점검 자동 진입 점검 대기 경보 자동 자동 지연 해제 경보 대기 통과 대기 대기 대기 지연 수동 지연 통과,1
5245,자동 진입 자동 통과 통과 경보 통과 점검 지연 통과 해제 복귀 대기 수동 수동 복귀 해제 경보 경보 수동 자동 통과 대기 복귀 복귀 지연 지연 통과 대기 진입 해제,0
5207,자동 점검 지연 점검 지연 수동 경보 해제 자동 진입 지연 수동 진입 통과 복귀 복귀 통과 점검 복귀 수동 진입 진입 자동 진입 경보,0
5384,수동 대기 자동 복귀 해제 자동 진입 복귀 대기 해제 통과 점검 진입 점검 진입 통과 복귀 점검 복귀 대기 경보 점검 통과 지연 경보 점검 통과 통과 자동 해제 대기 수동 수동 지연 경보,1
5206,수동 해제 해제 통과 지연 자동 진입 통과 해제 수동 점검 자동 대기 대기 점검 진입 복귀 점검 수동 해제 점검 대기 진입 지연 자동 대기 진입 대기 해제 점검 경보 경보 경보 복귀 진입 통과,1
5369,자동 복귀 수동 복귀 복귀 경보 통과 수동 점검 복귀 복귀 지연 지연 통과 진입 자동 자동 진입 대기 수동 진입 경보 경보 통과 경보 지연,0
5164,수동 점검 진입 대기 해제 대기 통과 통과 복귀 수동 복귀 지연 통과 진입 점검 자동 통과 수동 자동 자동 진입 경보 지연 지연 해제 통과 경보 지연,1
5373,자동 자동 통과 해제 복귀 지연 지연 대기 통과 해제 자동 경보 점검 지연 지연 대기 지연 대기 대기 진입 수동 진입 진입 수동 해제 대기 수동 대기 복귀 해제,0
5360,수동 통과 점검 복귀 지연 대기 지연 경보 진입 점검 진입 진입 경보 복귀 해제 통과 점검 통과 복귀 점검 통과 진입 자동 자동 지연 수동 진입 통과 해제 자동 경보 수동,1
5041,자동 수동 수동 지연 대기 자동 경보 수동 통과 통과 해제 점검 경보 경보 점검 대기 경보 대기 경보 해제 점검 해제 지연 자동 통과,0
5016,수동 지연 통과 진입 통과 수동 통과 해제 진입 통과 대기 경보 자동 대기 자동 통과 통과 경보 지연 자동 대기 수동 해제 지연 통과 점검 경보 점검,1
5231,자동 진입 대기 대기 통과 해제 복귀 경보 통과 해제 진입 대기 점검 경보 대기 경보 지연 통과 수동 점검 경보 통과 통과 자동 수동 대기 수동 진입 통과 점검 해제 해제 자동 통과 경보,0
5358,수동 통과 지연 수동 복귀 대기 경보 통과 통과 지연 진입 해제 진입 지연 경보 수동 진입 자동 지연 복귀 자동 자동 점검 통과 해제 해제,1
5035,자동 통과 통과 점검 통과 수동 대기 자동 해제 진입 대기 점검 자동 지연 경보 대기 복귀 수동 지연 수동 점검 점검 경보 진입 진입 통과 대기 대기 진입 점검 해제 점검 통과,0
5221,자동 점검 대기 진입 대기 복귀 수동 수동 수동 진입 진입 진입 지연 자동 통과 지연 지연 통과 경보 점검 점검 점검 지연 대기 자동,0
5379,자동 통과 지연 통과 진입 통과 점검 수동 경보 수동 대기 진입 해제 수동 자동 해제 통과 복귀 복귀 경보 경보 진입 자동 대기 점검,0
5200,수동 수동 해제 지연 경보 복귀 해제 해제 복귀 해제 경보 자동 통과 복귀 통과 자동 통과 복귀 진입 자동 해제 통과 대기 해제 복귀 지연 수동 통과 대기 복귀 지연 대기 경보 해제 통과 점검,1
5339,자동 자동 진입 대기 경보 대기 경보 지연 지연 수동 복귀 경보 복귀 지연 점검 통과 지연 자동 점검 수동 통과 경보 점검 지연 수동 복귀,0
5106,수동 수동 진입 통과 해제 지연 복귀 해제 자동 점검 대기 대기 진입 진입 지연 대기 지연 지연 통과 통과 해제 자동 수동 통과 진입 해제 대기 진입 통과 지연 해제 진입 자동,1
5089,자동 수동 경보 통과 진입 대기 대기 해제 통과 자동 통과 통과 진입 경보 해제 수동 경보 점검 대기 복귀 경보 자동 복귀 통과 복귀 해제 통과 진입 지연 경보 복귀 지연 수동,0
5185,자동 수동 통과 진입 지연 진입 진입 통과 해제 복귀 자동 경보 자동 해제 진입 수동 경보 해제 대기 수동 해제 지연 지연 진입 점검,0
5287,자동 수동 지연 해제 대기 해제 통과 경보 점검 대기 통과 대기 진입 자동 대기 대기 통과 해제 점검 진입 수동 복귀 통과 경보 자동 점검 통과 통과 해제 복귀 진입 진입 경보 진입 해제 수동,0
5387,자동 지연 지연 통과 복귀 복귀 점검 해제 경보 수동 해제 복귀 지연 통과 복귀 점검 진입 진입 해제 자동 점검 대기 복귀 경보 경보 자동 통과 수동 통과 통과 통과 대기 대기 경보 수동 점검,0
5253,자동 해제 복귀 대기 수동 해제 해제 진입 지연 진입 대기 진입 경보 수동 해제 복귀 대기 해제 수동 진입 경보 경보 지연 경보 자동 진입 경보 자동 해제 복귀 복귀 해제,0
5332,수동 통과 지연 해제 대기 점검 해제 수동 대기 자동 진입 자동 지연 점검 점검 지연 대기 해제 수동 통과 통과 자동 지연 복귀 대기 해제 경보 진입 복귀 점검 통과,1
5289,자동 대기 대기 점검 자동 점검 수동 경보 대기 지연 수동 지연 자동 대기 해제 지연 지연 수동 진입 복귀 통과 해제 복귀 진입 복귀 복귀 진입 점검 점검 점검,0
5335,자동 경보 진입 복귀 진입 통과 복귀 통과 해제 대기 해제 해제 해제 진입 수동 복귀 지연 복귀 점검 자동 수동 점검 경보 복귀 통과 자동 대기 수동 대기 복귀 지연 대기,0
5258,수동 점검 대기 진입 지연 자동 경보 통과 점검 복귀 자동 복귀 점검 통과 점검 통과 통과 점검 수동 수동 경보 통과 자동 대기 해제 점검 진입 경보 대기 지연 점검 지연 점검 대기 진입,1
5137,자동 점검 통과 복귀 해제 지연 통과 진입 자동 대기 경보 점검 수동 진입 통과 복귀 해제 수동 자동 진입 수동 지연 점검 대기 점검 대기 점검 진입 경보 지연 지연,0
5103,자동 진입 통과 지연 경보 대기 점검 점검 복귀 대기 수동 해제 경보 통과 자동 진입 진입 수동 통과 지연 자동 지연 진입 점검 통과 해제 해제 해제 통과 지연 수동 점검 해제,0
5187,자동 점검 복귀 지연 해제 복귀 자동 경보 통과 경보 수동 진입 지연 대기 대기 수동 진입 점검 수동 자동 경보 지연 해제 통과 점검,0
5091,자동 대기 경보 복귀 진입 복귀 수동 경보 통과 통과 수동 해제 자동 점검 지연 경보 대기 수동 해제 통과 복귀 해제 통과 통과 경보 진입 지연 해제 진입 해제 자동 통과,0
5301,자동 지연 경보 수동 통과 대기 통과 점검 해제 점검 해제 점검 대기 해제 점검 해제 경보 자동 점검 진입 경보 점검 자동 해제 수동 수동 통과 복귀 점검 지연 복귀 통과 복귀 진입 복귀,0
5132,수동 점검 경보 복귀 경보 자동 지연 통과 점검 통과 자동 대기 통과 지연 경보 통과 해제 진입 수동 자동 통과 지연 해제 진입 해제 수동 통과 대기 진입 지연 복귀 진입 복귀 점검 점검,1
5118,수동 진입 지연 자동 점검 진입 경보 대기 대기 해제 점검 해제 복귀 해제 복귀 해제 해제 자동 해제 해제 지연 자동 지연 해제 해제 수동 수동 복귀,1
5357,자동 해제 수동 경보 진입 자동 자동 진입 복귀 지연 수동 대기 점검 점검 지연 지연 수동 경보 복귀 경보 대기 경보 해제 해제 경보 진입,0
5017,자동 자동 점검 경보 복귀 지연 점검 수동 지연 수동 통과 지연 진입 복귀 점검 해제 경보 진입 경보 통과 진입 통과 대기 수동 진입 지연 대기 통과 해제 통과 진입 자동 통과 점검,0
5292,수동 지연 점검 대기 통과 경보 통과 점검 통과 경보 복귀 복귀 경보 자동 경보 대기 통과 진입 해제 자동 지연 수동 복귀 해제 자동 진입 지연 점검 진입 복귀 지연 복귀 수동 진입 해제 경보,1
5216,수동 자동 진입 복귀 복귀 지연 경보 자동 해제 대기 해제 자동 해제 수동 통과 수동 진입 진입 지연 진입 통과 지연 통과 경보 복귀,1
5342,수동 경보 경보 대기 지연 자동 복귀 자동 진입 경보 수동 자동 해제 경보 해제 지연 점검 경보 점검 지연 대기 대기 경보 지연 지연 진입 대기 통과 지연 해제 수동,1
5183,자동 수동 진입 자동 경보 지연 대기 복귀 대기 해제 해제 수동 수동 진입 진입 진입 경보 복귀 진입 해제 진입 경보 복귀 해제 복귀 통과 복귀 자동 지연 대기 복귀 대기 경보 점검 대기 경보,0
5234,수동 점검 자동 경보 해제 통과 점검 해제 자동 경보 점검 지연 자동 지연 복귀 수동 진입 해제 경보 경보 통과 해제 통과 수동 지연,1
5050,수동 경보 진입 경보 경보 복귀 복귀 진입 경보 대기 해제 수동 점검 경보 진입 대기 자동 복귀 통과 수동 통과 자동 지연 복귀 경보 자동 점검 지연 점검 지연 해제 해제 해제 해제 대기,1
5346,수동 해제 복귀 복귀 점검 경보 점검 복귀 점검 수동 수동 자동 통과 경보 지연 경보 지연 경보 통과 자동 자동 대기 대기 점검 대기 진입,1
5184,수동 점검 지연 진입 해제 해제 지연 점검 지연 통과 자동 통과 자동 해제 진입 해제 점검 해제 경보 지연 수동 수동 복귀 자동,1
5247,자동 해제 점검 통과 복귀 통과 복귀 수동 통과 해제 점검 자동 수동 통과 진입 해제 지연 복귀 통과 경보 수동 대기 진입 통과 복귀 경보 진입 경보 대기 자동,0
5202,수동 해제 진입 복귀 점검 경보 지연 자동 통과 자동 진입 해제 대기 자동 대기 지연 수동 점검 대기 수동 진입 통과 진입 점검,1
5109,자동 해제 복귀 경보 해제 지연 수동 진입 수동 자동 자동 지연 지연 대기 해제 점검 복귀 해제 진입 복귀 해제 지연 대기 경보 수동 지연 진입 해제,0
5143,자동 점검 지연 자동 해제 진입 대기 대기 해제 복귀 해제 점검 수동 해제 해제 경보 수동 진입 지연 대기 점검 경보 수동 복귀 복귀 자동 지연,0
5046,수동 해제 해제 수동 해제 자동 통과 복귀 점검 진입 점검 자동 해제 점검 진입 대기 점검 진입 자동 복귀 지연 통과 점검 복귀 통과 점검 수동 경보 복귀 해제 복귀 복귀 지연,1
5075,자동 통과 해제 자동 점검 통과 진입 경보 지연 해제 경보 해제 수동 진입 통과 수동 진입 해제 통과 점검 진입 점검 통과 대기 수동 진입 자동,0
5058,수동 자동 해제 수동 해제 수동 경보 진입 대기 진입 해제 복귀 대기 지연 진입 경보 복귀 대기 진입 점검 경보 자동 대기 지연 자동 해제 대기 점검 지연,1
5227,자동 자동 지연 해제 경보 통과 수동 대기 진입 지연 통과 점검 복귀 통과 경보 통과 지연 자동 수동 통과 대기 통과 점검 지연 해제 수동 대기 진입 복귀 대기 복귀 해제,0
5280,수동 점검 자동 복귀 수동 통과 자동 지연 대기 대기 점검 통과 지연 해제 지연 진입 지연 경보 수동 복귀 대기 자동 지연 해제 진입 진입 통과 점검 점검 진입 해제 대기 지연 점검 점검,1
5285,자동 자동 복귀 대기 지연 지연 통과 복귀 진입 진입 점검 자동 수동 해제 지연 복귀 해제 대기 점검 지연 대기 통과 수동 통과 해제 지연 진입 복귀 경보 수동 복귀 통과 경보 해제 해제,0
5210,수동 지연 수동 복귀 점검 수동 통과 점검 자동 자동 경보 해제 통과 진입 지연 자동 복귀 경보 대기 복귀 진입 점검 복귀 복귀,1
5323,자동 복귀 진입 경보 자동 대기 복귀 해제 지연 진입 대기 복귀 점검 복귀 지연 자동 해제 대기 수동 복귀 점검 수동 지연 해제 복귀 수동,0
5209,자동 통과 경보 진입 수동 대기 지연 통과 통과 수동 자동 지연 점검 경보 대기 복귀 통과 진입 통과 해제 대기 대기 해제 자동 통과 수동 복귀,0
5259,자동 통과 지연 통과 경보 진입 통과 진입 경보 진입 경보 자동 지연 수동 수동 진입 수동 복귀 복귀 지연 점검 점검 진입 진입 지연 자동,0
5007,자동 수동 통과 지연 지연 대기 점검 복귀 해제 통과 통과 점검 진입 해제 경보 진입 경보 복귀 자동 진입 수동 통과 진입 자동 지연 지연 진입 지연 복귀 대기 점검 해제 지연 수동,0
5305,자동 통과 진입 진입 통과 대기 진입 수동 점검 경보 자동 점검 지연 복귀 해제 대기 통과 지연 해제 점검 해제 점검 진입 통과 대기 해제 자동 복귀 수동 경보 통과 복귀 통과 지연 대기 수동,0
5189,자동 통과 수동 진입 진입 복귀 대기 지연 해제 진입 통과 해제 지연 해제 대기 대기 자동 통과 자동 수동 지연 해제 대기 수동 해제 복귀 대기 점검 통과,0
5026,수동 해제 진입 수동 복귀 해제 진입 점검 통과 대기 진입 수동 진입 복귀 자동 점검 진입 진입 통과 해제 지연 자동 경보 통과 경보 복귀 복귀 지연 자동 해제 해제 점검,1
5233,자동 경보 대기 경보 해제 경보 대기 수동 진입 진입 해제 복귀 점검 진입 자동 통과 복귀 경보 수동 수동 해제 대기 자동 복귀 경보 진입,0
5009,자동 복귀 경보 대기 경보 경보 수동 자동 지연 지연 대기 수동 해제 해제 수동 점검 해제 점검 해제 자동 지연 복귀 점검 해제 경보 해제 해제 지연 대기 통과,0
5062,수동 점검 복귀 해제 자동 점검 복귀 복귀 복귀 지연 해제 해제 해제 지연 점검 진입 점검 복귀 자동 경보 점검 진입 대기 수동 복귀 복귀 진입 복귀 수동 해제 점검 지연 자동 해제 통과,1
5031,자동 경보 점검 수동 해제 대기 복귀 수동 대기 점검 지연 대기 경보 수동 대기 대기 점검 자동 점검 통과 자동 경보 지연 통과 해제 진입,0
5388,수동 수동 해제 진입 진입 복귀 경보 대기 해제 수동 경보 자동 해제 해제 통과 진입 복귀 대기 지연 해제 자동 해제 해제 대기 자동 통과 통과 해제 경보,1
