no,steps,bad
6001,자동정렬 대기 재작업 각인 도포 도포 도포 경화 검사 각인 재작업 대기 대기 각인 수동정렬 이송 이송 검사 검사 수동정렬 도포 이송 경화 경화 각인 자동정렬,0
6002,자동정렬 압착 세척 도포 압착 대기 압착 이송 경화 경화 자동정렬 경화 각인 대기 수동정렬 검사 재작업 각인 이송 압착 대기 수동정렬 압착 각인 도포 압착 이송,0
6003,수동정렬 도포 세척 대기 압착 도포 재작업 대기 각인 각인 자동정렬 압착 경화 도포 각인 자동정렬 수동정렬 각인 이송 이송 도포 도포 압착 재작업 세척 도포,1
6004,자동정렬 자동정렬 검사 세척 세척 검사 세척 경화 세척 수동정렬 경화 검사 이송 경화 대기 경화 대기 도포 수동정렬 각인 각인 압착 경화 검사 세척 경화,0
6005,자동정렬 세척 세척 재작업 재작업 도포 세척 재작업 경화 압착 재작업 경화 도포 세척 각인 수동정렬 각인 각인 수동정렬 자동정렬 이송 세척 압착 도포 경화,1
6006,수동정렬 대기 수동정렬 경화 재작업 압착 대기 이송 각인 대기 자동정렬 세척 대기 세척 도포 이송 자동정렬 세척 이송 각인 각인 세척 세척 재작업,1
6007,자동정렬 이송 압착 이송 압착 압착 압착 재작업 도포 도포 수동정렬 재작업 각인 경화 경화 도포 대기 자동정렬 수동정렬 압착 경화 경화 각인 각인 대기 각인,0
6008,자동정렬 재작업 세척 이송 대기 자동정렬 재작업 수동정렬 도포 압착 경화 검사 압착 경화 검사 대기 경화 각인 수동정렬 경화 검사 검사 경화 대기 압착 압착 각인,0
6009,자동정렬 대기 이송 수동정렬 이송 경화 경화 경화 수동정렬 세척 각인 각인 압착 검사 대기 경화 세척 도포 압착 검사 각인 이송 이송 세척 자동정렬 세척 경화 대기,0
6010,자동정렬 각인 수동정렬 압착 세척 도포 이송 세척 압착 각인 압착 검사 세척 수동정렬 각인 검사 이송 자동정렬 대기 도포 세척 세척 도포 세척,0
6011,자동정렬 이송 경화 세척 세척 경화 검사 경화 도포 세척 자동정렬 세척 각인 수동정렬 수동정렬 검사 도포 각인 대기 재작업 세척 압착 재작업,0
6012,자동정렬 이송 압착 압착 세척 자동정렬 대기 경화 각인 압착 대기 세척 재작업 세척 수동정렬 수동정렬 각인 도포 검사 이송 세척 경화,0
6013,자동정렬 수동정렬 경화 재작업 이송 압착 도포 이송 도포 재작업 경화 검사 각인 이송 도포 자동정렬 압착 검사 경화 수동정렬 대기 이송 대기 검사 압착 도포,0
6014,자동정렬 압착 자동정렬 대기 수동정렬 검사 각인 경화 세척 경화 도포 각인 대기 검사 대기 압착 도포 검사 세척 도포 대기 검사 수동정렬,0
6015,자동정렬 자동정렬 세척 수동정렬 세척 재작업 도포 경화 이송 경화 검사 이송 검사 재작업 수동정렬 각인 이송 이송 도포 세척 각인 압착 세척 경화,0
6016,수동정렬 검사 각인 세척 각인 이송 경화 재작업 재작업 자동정렬 검사 경화 자동정렬 대기 대기 이송 검사 경화 수동정렬 검사 경화 재작업 재작업 이송 압착,1
6017,자동정렬 도포 도포 수동정렬 도포 경화 검사 각인 이송 세척 대기 경화 도포 압착 도포 세척 수동정렬 재작업 자동정렬 각인 재작업 각인 이송 세척 각인 경화,0
6018,수동정렬 수동정렬 대기 각인 세척 경화 자동정렬 압착 재작업 재작업 세척 각인 경화 재작업 각인 세척 자동정렬 검사 경화 재작업 각인 세척 검사 이송 재작업 도포,1
6019,자동정렬 경화 자동정렬 수동정렬 경화 재작업 이송 경화 도포 이송 경화 각인 검사 세척 이송 압착 재작업 검사 세척 압착 도포 수동정렬 도포 압착 재작업 경화 각인,1
6020,자동정렬 도포 압착 각인 대기 검사 자동정렬 이송 압착 압착 이송 경화 세척 경화 도포 수동정렬 경화 각인 대기 이송 수동정렬 검사 경화 이송 세척 검사,0
6021,수동정렬 경화 경화 압착 경화 압착 세척 각인 자동정렬 수동정렬 검사 경화 재작업 검사 도포 재작업 자동정렬 경화 경화 도포 세척 검사,1
6022,자동정렬 이송 세척 검사 세척 세척 대기 검사 검사 자동정렬 각인 대기 압착 압착 이송 각인 검사 세척 수동정렬 도포 경화 각인 이송 각인 도포 수동정렬 각인,0
6023,수동정렬 자동정렬 경화 수동정렬 대기 도포 압착 이송 대기 경화 압착 경화 경화 경화 압착 대기 대기 검사 세척 자동정렬 압착 세척 세척 대기 세척 도포 도포,1
6024,자동정렬 검사 자동정렬 압착 경화 경화 세척 각인 수동정렬 수동정렬 경화 이송 압착 세척 세척 경화 재작업 세척 재작업 도포 재작업 압착 재작업 대기 검사 도포,1
6025,자동정렬 검사 수동정렬 압착 이송 세척 이송 세척 도포 이송 검사 대기 수동정렬 도포 도포 압착 경화 경화 세척 재작업 자동정렬 각인 세척 검사 대기 도포,0
6026,자동정렬 압착 재작업 각인 수동정렬 검사 도포 도포 이송 대기 압착 도포 재작업 각인 각인 수동정렬 압착 이송 세척 도포 자동정렬 경화 경화 각인 경화,0
6027,수동정렬 재작업 이송 압착 세척 경화 검사 이송 경화 각인 이송 이송 자동정렬 대기 재작업 대기 검사 각인 압착 각인 자동정렬 수동정렬 이송,1
6028,수동정렬 각인 세척 경화 이송 압착 재작업 자동정렬 이송 도포 도포 수동정렬 이송 경화 자동정렬 각인 세척 각인 압착 도포 경화 도포,1
6029,수동정렬 대기 재작업 자동정렬 이송 이송 세척 대기 이송 수동정렬 검사 압착 재작업 재작업 경화 도포 이송 각인 재작업 경화 자동정렬 압착,1
6030,자동정렬 대기 이송 이송 검사 자동정렬 경화 이송 경화 도포 대기 도포 도포 세척 도포 이송 압착 수동정렬 수동정렬 도포 경화 경화 이송 각인,0
6031,자동정렬 도포 검사 대기 대기 수동정렬 이송 대기 경화 대기 압착 대기 자동정렬 압착 수동정렬 이송 세척 압착 대기 대기 도포 대기 재작업 세척 검사 재작업 이송,0
6032,수동정렬 각인 자동정렬 검사 대기 경화 수동정렬 대기 압착 검사 이송 검사 경화 세척 세척 압착 이송 도포 이송 검사 각인 경화 자동정렬 검사 각인 이송 압착 검사,1
6033,자동정렬 대기 각인 각인 수동정렬 압착 검사 이송 세척 압착 검사 세척 각인 세척 세척 경화 이송 경화 수동정렬 대기 자동정렬 경화 경화 대기 세척 경화,0
6034,자동정렬 재작업 수동정렬 검사 경화 이송 도포 대기 압착 압착 압착 도포 자동정렬 경화 압착 수동정렬 압착 압착 세척 압착 도포 재작업 경화 도포 검사 각인 세척,0
6035,자동정렬 세척 도포 압착 압착 대기 수동정렬 세척 재작업 이송 대기 자동정렬 대기 재작업 재작업 재작업 압착 수동정렬 경화 경화 경화 검사 검사 각인,1
6036,자동정렬 수동정렬 대기 검사 이송 검사 각인 도포 검사 이송 경화 검사 세척 각인 각인 재작업 도포 대기 각인 수동정렬 검사 자동정렬 검사,0
6037,수동정렬 재작업 경화 대기 각인 검사 각인 세척 검사 이송 도포 자동정렬 경화 압착 대기 경화 이송 도포 검사 검사 대기 자동정렬 수동정렬 검사 재작업 세척 대기,1
6038,자동정렬 대기 세척 경화 자동정렬 압착 대기 검사 대기 세척 재작업 수동정렬 각인 대기 경화 세척 재작업 경화 각인 대기 이송 압착 압착 이송 수동정렬,0
6039,자동정렬 각인 재작업 세척 경화 세척 압착 도포 세척 수동정렬 세척 압착 수동정렬 압착 각인 도포 재작업 자동정렬 압착 세척 압착 대기 대기 대기,0
6040,자동정렬 검사 이송 수동정렬 자동정렬 수동정렬 각인 재작업 도포 경화 압착 검사 이송 이송 대기 이송 각인 세척 경화 세척 세척 압착 도포 각인 재작업 도포 경화 이송,0
6041,자동정렬 압착 대기 재작업 압착 자동정렬 수동정렬 경화 경화 경화 경화 각인 세척 세척 도포 도포 대기 대기 수동정렬 경화 이송 각인 도포 검사,0
6042,수동정렬 대기 이송 대기 도포 대기 각인 자동정렬 세척 세척 검사 이송 압착 각인 재작업 수동정렬 도포 자동정렬 경화 경화 도포 각인 각인 이송,1
6043,자동정렬 검사 이송 이송 수동정렬 재작업 각인 각인 압착 이송 이송 도포 대기 압착 이송 이송 압착 재작업 세척 재작업 수동정렬 자동정렬 검사 검사 대기 재작업,1
6044,자동정렬 경화 재작업 검사 경화 세척 이송 도포 세척 각인 압착 각인 세척 수동정렬 압착 수동정렬 검사 검사 검사 자동정렬 경화 세척 이송 압착 대기 도포,0
6045,자동정렬 경화 각인 대기 각인 수동정렬 경화 압착 대기 자동정렬 재작업 압착 세척 세척 대기 압착 도포 경화 검사 수동정렬 압착 경화 검사 검사,0
6046,자동정렬 대기 재작업 경화 이송 재작업 세척 각인 이송 압착 세척 대기 자동정렬 수동정렬 재작업 수동정렬 대기 각인 재작업 세척 대기 재작업 이송 각인 이송 경화 각인 이송,1
6047,수동정렬 대기 재작업 이송 각인 경화 대기 경화 도포 자동정렬 경화 경화 경화 수동정렬 각인 재작업 각인 자동정렬 경화 경화 도포 검사,1
6048,자동정렬 도포 경화 이송 세척 대기 압착 대기 재작업 세척 이송 경화 수동정렬 대기 수동정렬 압착 재작업 이송 경화 세척 자동정렬 경화 이송 경화 도포 세척 도포,0
6049,자동정렬 세척 수동정렬 도포 경화 이송 경화 세척 경화 각인 경화 각인 세척 재작업 검사 재작업 재작업 세척 자동정렬 경화 재작업 수동정렬,1
6050,수동정렬 세척 각인 이송 검사 각인 각인 각인 자동정렬 도포 자동정렬 검사 세척 각인 경화 검사 재작업 재작업 압착 수동정렬 경화 각인,1
6051,자동정렬 검사 수동정렬 검사 압착 도포 검사 세척 자동정렬 압착 대기 검사 검사 대기 이송 도포 세척 검사 재작업 이송 수동정렬 경화 도포 대기 대기,0
6052,수동정렬 자동정렬 압착 검사 압착 압착 도포 압착 자동정렬 압착 각인 각인 압착 경화 검사 검사 대기 수동정렬 세척 경화 이송 대기,1
6053,자동정렬 재작업 압착 이송 대기 검사 세척 경화 대기 수동정렬 각인 대기 검사 수동정렬 각인 자동정렬 각인 압착 재작업 이송 각인 도포 도포 검사 압착 재작업,1
6054,자동정렬 압착 도포 경화 검사 수동정렬 수동정렬 세척 세척 이송 자동정렬 대기 경화 경화 이송 각인 대기 각인 대기 도포 대기 검사 세척 경화,0
6055,수동정렬 수동정렬 도포 경화 각인 재작업 자동정렬 대기 압착 대기 세척 자동정렬 각인 세척 세척 세척 경화 대기 각인 각인 경화 검사,1
6056,수동정렬 도포 이송 이송 이송 세척 자동정렬 수동정렬 압착 각인 각인 경화 경화 압착 경화 경화 재작업 경화 재작업 자동정렬 경화 세척,1
6057,수동정렬 도포 각인 도포 검사 자동정렬 각인 압착 세척 이송 재작업 자동정렬 각인 세척 검사 도포 검사 각인 도포 도포 경화 수동정렬 재작업 검사 각인,1
6058,수동정렬 각인 압착 세척 세척 재작업 도포 대기 압착 세척 이송 자동정렬 경화 각인 검사 재작업 압착 압착 재작업 세척 검사 자동정렬 검사 각인 압착 수동정렬 경화 경화,1
6059,수동정렬 도포 이송 도포 압착 자동정렬 검사 검사 도포 검사 재작업 재작업 검사 수동정렬 경화 각인 검사 자동정렬 검사 재작업 각인 압착 압착 재작업 압착 대기,1
6060,자동정렬 압착 압착 재작업 검사 도포 재작업 도포 도포 도포 도포 자동정렬 각인 세척 압착 수동정렬 검사 재작업 압착 압착 도포 압착 수동정렬,1
6061,수동정렬 압착 수동정렬 경화 이송 각인 각인 세척 검사 세척 압착 각인 이송 세척 각인 압착 대기 자동정렬 대기 자동정렬 압착 검사 이송 각인,1
6062,수동정렬 세척 이송 대기 검사 압착 경화 수동정렬 도포 검사 검사 대기 대기 자동정렬 대기 재작업 이송 세척 대기 자동정렬 도포 세척 경화,1
6063,수동정렬 경화 도포 검사 검사 경화 경화 자동정렬 세척 도포 대기 이송 압착 각인 세척 자동정렬 검사 경화 각인 수동정렬 각인 도포 각인 이송 각인 대기,1
6064,자동정렬 이송 도포 도포 이송 수동정렬 각인 도포 재작업 재작업 재작업 세척 경화 도포 세척 대기 검사 검사 자동정렬 대기 세척 검사 수동정렬 이송 경화,1
6065,자동정렬 이송 재작업 각인 이송 도포 대기 자동정렬 각인 대기 대기 이송 이송 세척 대기 각인 검사 경화 검사 경화 대기 이송 대기 수동정렬 수동정렬 대기 대기,0
6066,수동정렬 도포 검사 압착 대기 경화 검사 도포 이송 세척 경화 검사 대기 이송 각인 자동정렬 도포 이송 압착 경화 수동정렬 압착 자동정렬 경화 검사 이송 각인 도포,1
6067,자동정렬 대기 검사 대기 검사 각인 자동정렬 재작업 각인 압착 수동정렬 이송 대기 세척 수동정렬 압착 재작업 도포 압착 압착 도포 도포 대기 세척 검사 압착 압착,0
6068,자동정렬 검사 대기 이송 압착 도포 경화 대기 세척 검사 도포 수동정렬 수동정렬 대기 대기 각인 압착 검사 대기 도포 경화 이송 각인 자동정렬,0
6069,자동정렬 재작업 재작업 각인 자동정렬 수동정렬 검사 각인 경화 도포 경화 각인 도포 재작업 이송 세척 압착 수동정렬 재작업 검사 각인 도포 대기 경화 세척 대기 각인 압착,1
6070,수동정렬 세척 자동정렬 검사 경화 대기 수동정렬 도포 세척 세척 세척 각인 검사 도포 세척 이송 대기 경화 세척 자동정렬 재작업 검사 세척 세척,1
6071,자동정렬 자동정렬 재작업 수동정렬 도포 이송 대기 경화 검사 각인 이송 수동정렬 재작업 이송 대기 이송 이송 이송 이송 압착 검사 세척 검사 대기 세척,0
6072,자동정렬 수동정렬 재작업 대기 각인 대기 도포 대기 재작업 수동정렬 재작업 도포 재작업 경화 검사 도포 검사 도포 세척 대기 이송 자동정렬 도포 압착 재작업 각인,1
6073,자동정렬 대기 수동정렬 경화 압착 세척 세척 자동정렬 재작업 경화 수동정렬 경화 경화 세척 대기 도포 압착 각인 도포 도포 압착 이송 압착 재작업 세척 경화 도포,0
6074,자동정렬 대기 재작업 재작업 세척 세척 각인 각인 세척 도포 도포 각인 각인 수동정렬 경화 세척 검사 검사 수동정렬 각인 자동정렬 검사 재작업 도포 세척 경화,1
6075,수동정렬 세척 도포 검사 재작업 대기 도포 세척 압착 세척 도포 도포 수동정렬 도포 대기 재작업 압착 압착 경화 세척 재작업 검사 자동정렬 압착 자동정렬,1
6076,자동정렬 대기 세척 압착 도포 재작업 이송 경화 수동정렬 도포 경화 도포 각인 도포 도포 압착 검사 경화 압착 대기 자동정렬 이송 도포 압착 수동정렬,0
6077,자동정렬 세척 경화 도포 자동정렬 도포 재작업 대기 대기 재작업 이송 압착 대기 도포 재작업 각인 재작업 세척 도포 수동정렬 각인 대기 수동정렬 재작업 이송,1
6078,자동정렬 세척 검사 자동정렬 이송 도포 각인 대기 대기 각인 도포 경화 재작업 이송 이송 경화 도포 각인 수동정렬 도포 경화 경화 경화 대기 수동정렬 각인 경화 압착,0
6079,자동정렬 대기 각인 대기 이송 도포 경화 압착 수동정렬 수동정렬 경화 이송 세척 대기 대기 자동정렬 검사 검사 세척 재작업 세척 재작업 각인,0
6080,자동정렬 이송 압착 도포 세척 자동정렬 검사 검사 수동정렬 압착 수동정렬 세척 각인 검사 각인 도포 도포 대기 세척 대기 각인 세척 압착 대기 이송,0
6081,수동정렬 자동정렬 대기 압착 수동정렬 도포 세척 각인 이송 검사 도포 각인 압착 재작업 검사 자동정렬 대기 각인 각인 각인 도포 각인 압착,1
6082,자동정렬 대기 검사 재작업 검사 도포 압착 재작업 압착 경화 대기 재작업 수동정렬 자동정렬 경화 압착 도포 경화 세척 경화 경화 각인 검사 수동정렬 재작업 압착,1
6083,자동정렬 검사 자동정렬 세척 세척 이송 대기 이송 대기 각인 이송 경화 경화 수동정렬 각인 대기 각인 세척 대기 수동정렬 각인 검사 각인 각인 압착 경화,0
6084,수동정렬 재작업 이송 대기 도포 세척 대기 세척 대기 대기 자동정렬 이송 도포 도포 세척 수동정렬 재작업 경화 검사 압착 검사 자동정렬 검사 각인 각인 세척,1
6085,수동정렬 대기 경화 검사 경화 이송 대기 각인 자동정렬 재작업 압착 수동정렬 압착 대기 압착 이송 경화 이송 재작업 대기 자동정렬 세척,1
6086,자동정렬 압착 세척 이송 세척 수동정렬 수동정렬 경화 재작업 검사 대기 압착 압착 각인 압착 대기 검사 경화 자동정렬 이송 검사 대기 압착 경화 세척 이송,0
6087,수동정렬 검사 경화 경화 각인 압착 대기 재작업 자동정렬 각인 대기 도포 이송 검사 도포 이송 경화 재작업 자동정렬 경화 각인 경화 압착 대기 경화 각인 대기 수동정렬,1
6088,자동정렬 도포 각인 각인 자동정렬 각인 대기 재작업 경화 수동정렬 각인 압착 경화 도포 검사 재작업 압착 대기 각인 수동정렬 도포 재작업 도포 압착,1
6089,자동정렬 수동정렬 이송 검사 도포 재작업 재작업 재작업 경화 대기 압착 대기 자동정렬 이송 각인 재작업 각인 압착 압착 수동정렬 세척 경화 세척 재작업 압착,1
6090,자동정렬 경화 경화 재작업 검사 대기 이송 이송 수동정렬 재작업 수동정렬 압착 이송 세척 각인 도포 대기 자동정렬 압착 이송 경화 재작업,1
6091,자동정렬 재작업 압착 압착 이송 재작업 세척 수동정렬 각인 이송 압착 수동정렬 경화 경화 각인 대기 세척 압착 검사 이송 대기 자동정렬 대기 검사 검사,0
6092,수동정렬 압착 각인 세척 수동정렬 이송 자동정렬 경화 각인 도포 검사 대기 도포 경화 압착 자동정렬 검사 각인 세척 경화 대기 세척,1
6093,수동정렬 세척 도포 이송 각인 세척 수동정렬 대기 이송 경화 대기 자동정렬 자동정렬 검사 검사 이송 경화 세척 대기 세척 재작업 각인 도포 대기 경화 도포 세척 대기,1
6094,자동정렬 수동정렬 이송 각인 검사 재작업 각인 재작업 자동정렬 압착 경화 각인 도포 도포 압착 재작업 도포 각인 수동정렬 압착 대기 각인 이송,1
6095,자동정렬 각인 각인 경화 검사 경화 경화 대기 이송 각인 경화 이송 대기 각인 자동정렬 이송 경화 대기 경화 수동정렬 수동정렬 재작업 검사 세척 검사 검사 대기,0
6096,수동정렬 압착 이송 검사 검사 수동정렬 재작업 검사 검사 이송 도포 각인 재작업 검사 자동정렬 각인 압착 검사 자동정렬 압착 이송 압착 각인 이송,1
6097,수동정렬 도포 재작업 경화 세척 이송 이송 각인 도포 재작업 자동정렬 자동정렬 이송 대기 재작업 세척 대기 검사 도포 검사 수동정렬 압착 재작업,1
6098,자동정렬 이송 재작업 각인 자동정렬 이송 각인 이송 압착 수동정렬 압착 세척 대기 검사 대기 세척 도포 대기 도포 검사 압착 수동정렬 도포 재작업 각인 세척 세척,0
6099,수동정렬 도포 대기 대기 이송 대기 도포 경화 대기 자동정렬 검사 경화 이송 압착 대기 재작업 이송 이송 자동정렬 도포 재작업 경화 수동정렬,1
6100,수동정렬 경화 대기 경화 각인 경화 이송 재작업 수동정렬 이송 세척 자동정렬 대기 도포 자동정렬 재작업 압착 세척 이송 검사 세척 세척 재작업 경화 각인,1
6101,자동정렬 도포 이송 압착 이송 수동정렬 이송 각인 이송 이송 재작업 자동정렬 도포 도포 각인 수동정렬 검사 경화 재작업 도포 도포 검사 압착 대기 이송 이송,0
6102,수동정렬 검사 수동정렬 각인 세척 대기 검사 검사 압착 대기 대기 세척 자동정렬 검사 각인 재작업 각인 세척 검사 세척 이송 압착 세척 세척 자동정렬 압착 검사 대기,1
6103,수동정렬 압착 이송 압착 도포 압착 검사 압착 자동정렬 세척 이송 세척 세척 도포 재작업 압착 이송 자동정렬 각인 수동정렬 이송 재작업 재작업,1
6104,자동정렬 압착 도포 검사 경화 경화 도포 재작업 수동정렬 이송 각인 수동정렬 검사 재작업 압착 각인 이송 경화 압착 압착 검사 대기 대기 세척 경화 이송 대기 자동정렬,0
6105,자동정렬 자동정렬 각인 경화 각인 도포 도포 수동정렬 검사 도포 이송 이송 도포 도포 도포 각인 압착 이송 이송 검사 검사 경화 수동정렬 이송 압착,0
6106,자동정렬 도포 수동정렬 수동정렬 검사 경화 이송 대기 재작업 재작업 대기 압착 도포 재작업 경화 경화 압착 각인 검사 세척 재작업 압착 자동정렬,1
6107,자동정렬 수동정렬 이송 세척 자동정렬 도포 대기 도포 이송 수동정렬 도포 재작업 대기 각인 도포 대기 압착 이송 이송 압착 도포 이송 도포 재작업 대기,0
6108,자동정렬 압착 대기 검사 각인 자동정렬 도포 경화 이송 수동정렬 이송 각인 이송 압착 각인 이송 도포 경화 각인 경화 재작업 이송 이송 검사 재작업 경화 수동정렬 각인,0
6109,수동정렬 검사 재작업 세척 검사 이송 세척 이송 재작업 자동정렬 이송 이송 수동정렬 경화 재작업 도포 검사 이송 도포 이송 압착 압착 각인 세척 재작업 자동정렬 이송,1
6110,수동정렬 각인 각인 검사 각인 세척 도포 검사 이송 검사 자동정렬 각인 이송 경화 세척 검사 대기 경화 각인 도포 도포 수동정렬 자동정렬,1
6111,자동정렬 자동정렬 도포 이송 대기 검사 수동정렬 경화 이송 각인 세척 각인 경화 세척 압착 각인 도포 이송 대기 각인 압착 이송 수동정렬 세척 대기,0
6112,수동정렬 각인 각인 압착 자동정렬 수동정렬 도포 도포 압착 자동정렬 경화 압착 세척 경화 도포 각인 재작업 재작업 재작업 대기 압착 압착 세척 대기,1
6113,자동정렬 각인 각인 수동정렬 검사 검사 대기 수동정렬 이송 검사 세척 경화 자동정렬 경화 검사 이송 경화 검사 경화 검사 압착 도포 도포 이송 대기,0
6114,수동정렬 압착 자동정렬 재작업 각인 각인 재작업 이송 이송 압착 대기 세척 대기 경화 이송 이송 도포 대기 수동정렬 검사 이송 자동정렬,1
6115,자동정렬 대기 경화 수동정렬 도포 세척 이송 각인 이송 검사 압착 각인 수동정렬 대기 이송 세척 세척 도포 이송 세척 각인 도포 대기 자동정렬,0
6116,수동정렬 각인 검사 대기 세척 도포 도포 경화 검사 검사 각인 도포 각인 압착 수동정렬 대기 자동정렬 자동정렬 압착 세척 도포 도포,1
6117,수동정렬 압착 각인 경화 수동정렬 도포 이송 압착 세척 대기 이송 자동정렬 경화 이송 재작업 압착 이송 압착 자동정렬 각인 검사 대기,1
6118,수동정렬 검사 세척 세척 자동정렬 압착 경화 수동정렬 도포 자동정렬 이송 재작업 이송 경화 경화 이송 경화 도포 각인 재작업 압착 각인 경화,1
6119,수동정렬 이송 경화 검사 검사 이송 자동정렬 세척 도포 세척 수동정렬 각인 이송 도포 세척 각인 도포 세척 이송 경화 세척 이송 압착 자동정렬 대기 각인,1
6120,수동정렬 재작업 자동정렬 도포 도포 각인 수동정렬 대기 압착 검사 검사 대기 이송 대기 경화 도포 자동정렬 경화 세척 각인 압착 각인,1
6121,자동정렬 검사 자동정렬 압착 대기 도포 각인 재작업 각인 각인 각인 대기 재작업 경화 도포 압착 압착 이송 이송 이송 압착 도포 수동정렬 이송 수동정렬 세척,0
6122,자동정렬 재작업 검사 수동정렬 자동정렬 이송 도포 검사 재작업 각인 대기 도포 각인 세척 경화 수동정렬 압착 대기 도포 각인 검사 대기,0
6123,자동정렬 수동정렬 자동정렬 세척 경화 각인 각인 압착 검사 재작업 수동정렬 이송 대기 재작업 대기 검사 재작업 압착 압착 재작업 압착 경화,1
6124,자동정렬 경화 각인 도포 재작업 도포 재작업 검사 도포 각인 이송 수동정렬 압착 자동정렬 각인 대기 세척 각인 세척 검사 검사 검사 경화 수동정렬 경화 대기,0
6125,수동정렬 각인 수동정렬 압착 각인 재작업 자동정렬 세척 검사 재작업 각인 도포 도포 대기 경화 도포 이송 대기 검사 자동정렬 도포 각인 도포 각인,1
6126,자동정렬 검사 세척 재작업 경화 수동정렬 압착 세척 세척 자동정렬 각인 재작업 검사 도포 도포 재작업 대기 수동정렬 대기 재작업 경화 경화 검사 재작업,1
6127,자동정렬 경화 각인 세척 세척 각인 압착 경화 대기 대기 세척 세척 압착 각인 검사 자동정렬 각인 검사 이송 수동정렬 각인 경화 수동정렬 대기 도포 각인,0
6128,자동정렬 대기 각인 수동정렬 이송 각인 검사 재작업 도포 검사 이송 도포 검사 이송 이송 경화 도포 세척 각인 경화 재작업 수동정렬 자동정렬 도포 세척,0
6129,자동정렬 재작업 압착 이송 세척 재작업 압착 대기 검사 재작업 검사 압착 도포 압착 경화 도포 각인 대기 수동정렬 검사 압착 수동정렬 자동정렬,1
6130,자동정렬 세척 각인 자동정렬 세척 압착 대기 각인 각인 도포 압착 압착 수동정렬 이송 도포 압착 압착 세척 수동정렬 압착 검사 각인 검사 대기 경화 대기 압착 압착,0
6131,자동정렬 자동정렬 재작업 세척 수동정렬 경화 압착 재작업 경화 압착 도포 압착 압착 재작업 대기 검사 세척 도포 각인 이송 재작업 검사 수동정렬 각인 재작업 경화 도포,1
6132,자동정렬 도포 경화 대기 이송 대기 자동정렬 검사 각인 각인 재작업 도포 각인 압착 경화 경화 대기 대기 세척 압착 경화 수동정렬 이송 대기 대기 수동정렬,0
6133,수동정렬 수동정렬 대기 대기 세척 경화 이송 각인 검사 각인 각인 이송 각인 세척 세척 압착 도포 대기 이송 도포 자동정렬 자동정렬 이송 대기,1
6134,자동정렬 수동정렬 압착 각인 대기 재작업 대기 압착 검사 검사 재작업 경화 경화 자동정렬 세척 각인 대기 재작업 압착 세척 도포 도포 대기 수동정렬,1
6135,수동정렬 압착 수동정렬 자동정렬 도포 경화 압착 대기 이송 대기 대기 이송 도포 도포 세척 이송 도포 자동정렬 세척 세척 대기 이송 각인 도포 검사 검사 대기,1
6136,수동정렬 대기 재작업 도포 압착 이송 자동정렬 대기 압착 경화 도포 재작업 세척 대기 압착 압착 도포 재작업 수동정렬 자동정렬 경화 세척 경화 이송,1
6137,자동정렬 대기 각인 수동정렬 재작업 경화 재작업 세척 이송 경화 검사 경화 대기 검사 이송 대기 수동정렬 자동정렬 압착 대기 대기 각인,0
6138,수동정렬 재작업 압착 재작업 각인 자동정렬 압착 대기 수동정렬 이송 각인 검사 검사 도포 도포 대기 각인 검사 이송 이송 자동정렬 각인,1
6139,자동정렬 검사 도포 각인 자동정렬 도포 수동정렬 각인 도포 압착 압착 수동정렬 각인 이송 이송 경화 경화 경화 압착 경화 이송 각인 압착 세척,0
6140,자동정렬 자동정렬 세척 수동정렬 수동정렬 각인 각인 도포 경화 이송 각인 재작업 검사 세척 도포 경화 도포 도포 재작업 세척 대기 대기,0
6141,자동정렬 각인 경화 대기 검사 압착 세척 자동정렬 수동정렬 경화 이송 도포 세척 도포 수동정렬 경화 경화 압착 도포 압착 세척 도포,0
6142,수동정렬 각인 재작업 도포 압착 대기 도포 도포 압착 경화 검사 자동정렬 검사 검사 수동정렬 대기 재작업 자동정렬 이송 대기 도포 대기 이송 이송 대기 세척 대기,1
6143,자동정렬 세척 도포 각인 도포 각인 이송 세척 도포 도포 자동정렬 경화 검사 검사 수동정렬 재작업 경화 압착 수동정렬 검사 대기 대기 검사 압착,0
6144,자동정렬 도포 경화 압착 재작업 경화 이송 도포 검사 수동정렬 경화 자동정렬 압착 경화 세척 세척 각인 경화 수동정렬 도포 세척 경화 도포 이송,0
6145,자동정렬 경화 이송 압착 세척 경화 검사 세척 수동정렬 경화 각인 재작업 각인 대기 수동정렬 도포 세척 이송 경화 이송 압착 이송 대기 자동정렬 대기 재작업,0
6146,수동정렬 경화 각인 대기 이송 이송 대기 이송 자동정렬 경화 대기 수동정렬 재작업 세척 재작업 대기 각인 압착 대기 각인 세척 세척 도포 재작업 자동정렬 재작업 경화,1
6147,자동정렬 각인 도포 대기 재작업 이송 대기 경화 각인 수동정렬 도포 경화 재작업 경화 이송 경화 압착 수동정렬 압착 자동정렬 세척 압착,0
6148,자동정렬 도포 경화 검사 검사 자동정렬 각인 이송 경화 검사 세척 도포 재작업 각인 이송 검사 경화 수동정렬 압착 수동정렬 이송 대기 경화,0
6149,자동정렬 이송 각인 수동정렬 이송 대기 도포 대기 검사 도포 대기 세척 도포 검사 대기 이송 수동정렬 압착 자동정렬 검사 압착 압착,0
6150,자동정렬 이송 대기 이송 경화 세척 이송 이송 세척 이송 검사 도포 검사 수동정렬 세척 수동정렬 압착 검사 검사 도포 도포 이송 압착 세척 자동정렬 각인 도포,0
6151,자동정렬 압착 각인 재작업 각인 이송 재작업 세척 도포 이송 자동정렬 각인 도포 도포 각인 재작업 압착 대기 경화 수동정렬 수동정렬 재작업 압착 도포 압착,1
6152,수동정렬 각인 자동정렬 경화 각인 경화 재작업 수동정렬 대기 이송 검사 자동정렬 각인 검사 도포 대기 경화 재작업 압착 이송 세척 이송 검사 경화 재작업 압착 재작업,1
6153,수동정렬 재작업 대기 도포 검사 도포 수동정렬 대기 도포 자동정렬 재작업 이송 검사 재작업 압착 압착 자동정렬 각인 이송 각인 검사 대기 각인 도포 각인 경화 대기,1
6154,수동정렬 도포 세척 대기 경화 압착 대기 각인 각인 경화 자동정렬 이송 세척 이송 압착 재작업 수동정렬 이송 도포 경화 자동정렬 재작업 이송 압착 검사 세척 이송,1
6155,자동정렬 검사 대기 도포 재작업 각인 대기 대기 검사 수동정렬 이송 세척 각인 자동정렬 이송 세척 압착 이송 압착 수동정렬 각인 이송 이송 재작업 세척 검사,0
6156,수동정렬 수동정렬 경화 재작업 이송 이송 이송 각인 자동정렬 경화 압착 도포 경화 압착 재작업 이송 각인 자동정렬 이송 이송 압착 이송 대기 검사 재작업 경화 이송 도포,1
6157,자동정렬 이송 수동정렬 압착 이송 검사 경화 대기 압착 검사 압착 각인 압착 이송 압착 검사 도포 각인 자동정렬 수동정렬 각인 압착,0
6158,자동정렬 각인 검사 세척 세척 검사 자동정렬 각인 압착 검사 이송 검사 검사 수동정렬 각인 각인 각인 수동정렬 이송 각인 이송 대기 도포 검사 이송 각인,0
6159,자동정렬 검사 재작업 도포 각인 압착 경화 압착 자동정렬 이송 이송 검사 각인 대기 이송 수동정렬 압착 세척 경화 수동정렬 도포 각인 검사 대기 경화 각인 검사,0
6160,자동정렬 수동정렬 자동정렬 재작업 각인 이송 경화 경화 수동정렬 경화 각인 도포 대기 도포 대기 도포 경화 도포 대기 각인 경화 재작업 세척 도포 압착 검사,0
6161,자동정렬 각인 검사 도포 대기 경화 자동정렬 각인 대기 경화 도포 압착 도포 이송 대기 수동정렬 도포 세척 수동정렬 재작업 경화 각인 검사 이송 도포 압착 도포,0
6162,수동정렬 이송 세척 자동정렬 대기 경화 도포 자동정렬 검사 각인 수동정렬 압착 대기 압착 도포 이송 검사 도포 각인 이송 세척 각인 각인 이송 세척 압착 압착,1
6163,자동정렬 검사 재작업 각인 도포 경화 각인 경화 경화 각인 각인 수동정렬 도포 각인 이송 검사 세척 세척 각인 자동정렬 수동정렬 검사,0
6164,자동정렬 각인 경화 이송 재작업 검사 검사 수동정렬 압착 경화 세척 각인 자동정렬 세척 수동정렬 도포 도포 이송 재작업 세척 압착 각인,0
6165,자동정렬 이송 각인 재작업 검사 각인 경화 수동정렬 각인 압착 수동정렬 이송 대기 이송 압착 검사 압착 도포 경화 경화 압착 자동정렬 경화,0
6166,수동정렬 대기 이송 이송 경화 도포 검사 이송 수동정렬 자동정렬 이송 각인 도포 검사 경화 압착 세척 대기 자동정렬 도포 이송 압착 검사 도포 대기 이송 대기,1
6167,자동정렬 각인 경화 각인 자동정렬 경화 수동정렬 검사 재작업 도포 검사 검사 압착 재작업 검사 세척 세척 각인 수동정렬 압착 도포 검사,0
6168,자동정렬 이송 경화 도포 검사 재작업 이송 경화 검사 각인 검사 수동정렬 검사 세척 도포 재작업 검사 검사 수동정렬 자동정렬 도포 이송 도포,0
6169,자동정렬 검사 각인 대기 세척 이송 검사 수동정렬 대기 세척 자동정렬 압착 검사 경화 경화 이송 도포 압착 세척 수동정렬 압착 이송 각인,0
6170,자동정렬 수동정렬 자동정렬 세척 도포 도포 세척 이송 경화 대기 압착 경화 각인 도포 이송 세척 이송 수동정렬 도포 경화 검사 압착,0
6171,자동정렬 경화 세척 검사 검사 수동정렬 이송 도포 자동정렬 재작업 압착 재작업 세척 압착 압착 압착 이송 압착 각인 대기 재작업 수동정렬,1
6172,자동정렬 경화 도포 각인 경화 대기 세척 경화 각인 대기 재작업 재작업 재작업 이송 이송 검사 이송 각인 수동정렬 재작업 이송 세척 자동정렬 수동정렬 대기 재작업 각인,1
6173,수동정렬 각인 도포 압착 이송 세척 세척 각인 자동정렬 압착 수동정렬 이송 압착 대기 도포 대기 자동정렬 대기 검사 대기 검사 재작업 세척,1
6174,자동정렬 도포 도포 이송 재작업 세척 검사 수동정렬 검사 세척 세척 도포 자동정렬 경화 대기 경화 재작업 대기 경화 압착 도포 압착 각인 이송 대기 대기 세척 수동정렬,0
6175,자동정렬 자동정렬 도포 수동정렬 대기 대기 재작업 압착 대기 세척 이송 수동정렬 세척 대기 압착 검사 검사 도포 압착 각인 재작업 압착,0
6176,수동정렬 이송 세척 압착 도포 검사 이송 각인 검사 이송 각인 세척 대기 각인 각인 자동정렬 검사 자동정렬 각인 검사 수동정렬 경화 이송 대기 대기 압착 각인 도포,1
6177,자동정렬 대기 도포 재작업 재작업 세척 대기 압착 수동정렬 대기 재작업 수동정렬 압착 이송 자동정렬 재작업 도포 검사 세척 경화 경화 대기 이송 이송 검사 도포,1
6178,자동정렬 도포 수동정렬 재작업 도포 수동정렬 검사 재작업 압착 대기 대기 각인 재작업 대기 재작업 압착 경화 이송 경화 자동정렬 대기 재작업 도포,1
6179,수동정렬 이송 이송 자동정렬 자동정렬 검사 경화 이송 경화 이송 도포 세척 압착 수동정렬 검사 세척 각인 도포 경화 압착 각인 이송,1
6180,자동정렬 대기 각인 경화 이송 도포 수동정렬 도포 각인 자동정렬 각인 재작업 각인 압착 검사 압착 도포 세척 대기 경화 재작업 각인 재작업 수동정렬 압착 압착,1
6181,수동정렬 자동정렬 압착 세척 대기 경화 경화 세척 각인 압착 대기 검사 각인 수동정렬 도포 재작업 대기 대기 세척 경화 자동정렬 대기 도포,1
6182,자동정렬 경화 자동정렬 경화 대기 세척 대기 재작업 도포 세척 각인 경화 각인 도포 대기 압착 압착 압착 검사 검사 도포 도포 수동정렬 도포 수동정렬 검사 대기,0
6183,자동정렬 검사 이송 경화 검사 재작업 이송 각인 각인 각인 자동정렬 도포 수동정렬 세척 세척 재작업 세척 이송 세척 수동정렬 압착 세척,0
6184,자동정렬 도포 각인 세척 도포 수동정렬 이송 대기 검사 검사 대기 수동정렬 각인 세척 세척 압착 도포 이송 이송 도포 세척 각인 세척 대기 자동정렬 검사 대기,0
6185,수동정렬 경화 대기 세척 각인 대기 세척 재작업 압착 재작업 검사 세척 검사 재작업 수동정렬 압착 압착 도포 재작업 세척 각인 대기 자동정렬 압착 세척 자동정렬 재작업,1
6186,수동정렬 수동정렬 자동정렬 세척 대기 도포 세척 경화 각인 경화 대기 세척 압착 대기 이송 자동정렬 세척 각인 압착 대기 도포 대기 각인 대기 대기,1
6187,자동정렬 압착 경화 압착 세척 압착 대기 압착 경화 수동정렬 각인 검사 검사 경화 재작업 도포 도포 검사 각인 자동정렬 이송 세척 수동정렬 도포 이송 경화,0
6188,자동정렬 경화 수동정렬 검사 도포 재작업 재작업 세척 도포 세척 각인 검사 각인 이송 도포 각인 세척 자동정렬 각인 세척 수동정렬 경화 검사 대기 경화 각인 이송,0
6189,수동정렬 자동정렬 이송 검사 경화 검사 이송 압착 자동정렬 대기 이송 검사 세척 세척 이송 압착 재작업 수동정렬 이송 세척 각인 압착,1
6190,자동정렬 대기 경화 세척 각인 검사 세척 도포 대기 자동정렬 각인 이송 수동정렬 각인 대기 경화 도포 대기 수동정렬 검사 이송 이송 세척 검사 각인,0
6191,자동정렬 세척 압착 이송 각인 도포 수동정렬 이송 검사 압착 대기 경화 세척 이송 각인 수동정렬 이송 도포 도포 이송 자동정렬 재작업 대기 각인 세척 재작업 검사 각인,0
6192,자동정렬 대기 각인 세척 이송 압착 경화 대기 자동정렬 재작업 이송 압착 압착 압착 각인 도포 세척 각인 검사 도포 수동정렬 검사 수동정렬,0
6193,자동정렬 이송 재작업 압착 경화 대기 각인 각인 세척 대기 세척 경화 대기 수동정렬 재작업 재작업 도포 압착 경화 이송 자동정렬 각인 세척 대기 대기 재작업 수동정렬,1
6194,자동정렬 검사 각인 재작업 세척 도포 수동정렬 대기 이송 세척 이송 자동정렬 검사 수동정렬 대기 압착 대기 도포 세척 검사 각인 도포,0
6195,자동정렬 압착 자동정렬 경화 검사 이송 재작업 수동정렬 압착 세척 대기 경화 압착 대기 이송 경화 대기 도포 경화 압착 경화 각인 이송 각인 각인 수동정렬 압착 경화,0
6196,자동정렬 이송 세척 각인 대기 압착 이송 자동정렬 세척 검사 각인 경화 도포 대기 수동정렬 대기 도포 검사 수동정렬 도포 각인 이송 각인 압착 대기,0
6197,수동정렬 수동정렬 경화 이송 검사 자동정렬 대기 각인 각인 재작업 각인 이송 자동정렬 압착 이송 경화 재작업 검사 이송 대기 대기 이송,1
6198,수동정렬 경화 이송 이송 경화 도포 경화 경화 수동정렬 각인 자동정렬 재작업 이송 도포 각인 이송 검사 검사 세척 각인 각인 압착 자동정렬 세척 도포,1
6199,자동정렬 세척 세척 세척 경화 재작업 압착 도포 도포 경화 도포 압착 검사 자동정렬 수동정렬 수동정렬 경화 검사 각인 검사 도포 대기 각인 각인,0
6200,수동정렬 검사 검사 재작업 각인 경화 세척 이송 도포 경화 이송 수동정렬 압착 압착 검사 각인 압착 재작업 도포 대기 자동정렬 검사 도포 대기 자동정렬 경화,1
6201,자동정렬 압착 자동정렬 수동정렬 검사 경화 각인 검사 각인 경화 세척 압착 이송 경화 도포 대기 대기 경화 대기 경화 경화 수동정렬 압착,0
6202,자동정렬 세척 검사 대기 재작업 수동정렬 도포 세척 경화 경화 압착 재작업 이송 재작업 검사 자동정렬 이송 세척 재작업 검사 이송 대기 도포 수동정렬 검사,1
6203,자동정렬 압착 도포 각인 검사 이송 세척 대기 세척 도포 수동정렬 각인 세척 재작업 대기 도포 자동정렬 수동정렬 경화 경화 압착 경화 재작업 이송 이송 도포 각인,0
6204,자동정렬 경화 각인 수동정렬 경화 이송 재작업 경화 재작업 세척 도포 경화 세척 자동정렬 재작업 수동정렬 대기 경화 대기 압착 이송 도포 각인 도포 도포,1
6205,수동정렬 대기 압착 세척 자동정렬 각인 세척 세척 이송 재작업 경화 세척 대기 재작업 경화 재작업 검사 이송 수동정렬 압착 경화 재작업 자동정렬,1
6206,자동정렬 이송 세척 압착 압착 수동정렬 세척 검사 대기 이송 재작업 검사 세척 검사 이송 경화 압착 재작업 대기 도포 검사 수동정렬 자동정렬,0
6207,수동정렬 세척 압착 자동정렬 이송 재작업 경화 대기 도포 재작업 이송 도포 경화 검사 자동정렬 재작업 수동정렬 각인 세척 도포 재작업 대기 대기,1
6208,수동정렬 이송 재작업 도포 수동정렬 압착 압착 압착 압착 대기 세척 각인 자동정렬 세척 대기 도포 경화 압착 이송 자동정렬 도포 대기 도포 경화,1
6209,수동정렬 대기 압착 경화 이송 대기 자동정렬 수동정렬 각인 경화 세척 압착 자동정렬 경화 압착 도포 압착 대기 경화 이송 도포 세척,1
6210,자동정렬 대기 검사 도포 경화 압착 경화 자동정렬 이송 도포 수동정렬 이송 대기 도포 도포 이송 세척 도포 검사 이송 이송 도포 재작업 이송 각인 수동정렬,0
6211,자동정렬 도포 이송 이송 압착 압착 압착 각인 세척 압착 도포 경화 각인 도포 대기 경화 경화 수동정렬 도포 경화 검사 자동정렬 검사 도포 압착 수동정렬,0
6212,자동정렬 세척 도포 각인 대기 압착 세척 압착 도포 이송 세척 세척 재작업 도포 수동정렬 자동정렬 세척 이송 검사 세척 수동정렬 각인 각인 도포 세척 세척,0
6213,자동정렬 대기 세척 압착 경화 대기 검사 경화 자동정렬 각인 세척 압착 세척 압착 재작업 도포 재작업 세척 수동정렬 압착 재작업 재작업 수동정렬 대기 재작업,1
6214,자동정렬 자동정렬 경화 각인 재작업 검사 검사 검사 검사 수동정렬 검사 대기 대기 세척 각인 세척 압착 압착 이송 도포 세척 수동정렬 각인 경화 도포,0
6215,수동정렬 검사 대기 수동정렬 검사 경화 각인 각인 경화 각인 경화 자동정렬 이송 경화 이송 대기 각인 경화 도포 압착 자동정렬 도포,1
6216,자동정렬 대기 이송 세척 대기 자동정렬 검사 경화 이송 경화 세척 압착 경화 도포 이송 검사 압착 세척 수동정렬 경화 수동정렬 압착 경화 이송 각인 검사 세척,0
6217,자동정렬 세척 대기 각인 검사 대기 도포 경화 각인 자동정렬 도포 재작업 세척 검사 세척 경화 수동정렬 재작업 대기 압착 검사 도포 각인 도포 수동정렬,0
6218,자동정렬 검사 압착 이송 압착 수동정렬 경화 검사 재작업 재작업 검사 자동정렬 재작업 수동정렬 도포 압착 이송 이송 압착 경화 검사 도포,1
6219,자동정렬 각인 각인 도포 세척 대기 각인 각인 경화 수동정렬 자동정렬 세척 경화 압착 대기 검사 세척 도포 각인 세척 각인 각인 수동정렬 도포 대기 세척 압착 경화,0
6220,수동정렬 도포 도포 자동정렬 경화 자동정렬 이송 재작업 세척 검사 압착 각인 검사 도포 재작업 각인 대기 경화 세척 도포 경화 압착 대기 경화 수동정렬,1
6221,자동정렬 도포 자동정렬 수동정렬 세척 압착 검사 재작업 세척 경화 세척 경화 경화 검사 각인 압착 각인 대기 수동정렬 대기 재작업 도포 세척,0
6222,수동정렬 이송 대기 압착 자동정렬 대기 이송 각인 도포 대기 재작업 이송 경화 세척 재작업 자동정렬 대기 각인 수동정렬 이송 대기 세척 이송 각인 이송 각인 이송 압착,1
6223,자동정렬 세척 도포 검사 재작업 수동정렬 도포 대기 도포 경화 검사 세척 이송 이송 세척 세척 재작업 재작업 세척 수동정렬 대기 검사 도포 자동정렬 경화 이송 대기,1
6224,자동정렬 수동정렬 도포 검사 이송 대기 검사 검사 세척 대기 세척 자동정렬 이송 압착 압착 세척 경화 대기 대기 검사 도포 수동정렬 검사 각인 대기 도포,0
6225,자동정렬 압착 대기 검사 압착 세척 압착 압착 경화 수동정렬 이송 자동정렬 경화 대기 경화 세척 압착 도포 각인 세척 수동정렬 대기 경화,0
6226,자동정렬 이송 자동정렬 도포 도포 도포 대기 대기 각인 수동정렬 이송 이송 대기 재작업 각인 각인 경화 세척 경화 각인 각인 경화 수동정렬 이송 세척 검사 이송,0
6227,자동정렬 도포 재작업 경화 경화 이송 각인 각인 대기 압착 수동정렬 경화 각인 세척 검사 재작업 재작업 재작업 압착 자동정렬 수동정렬 경화,1
6228,자동정렬 경화 세척 검사 자동정렬 도포 수동정렬 검사 세척 세척 경화 압착 수동정렬 대기 압착 경화 검사 검사 검사 각인 세척 경화 도포 경화 대기 세척 도포,0
6229,자동정렬 이송 이송 자동정렬 각인 수동정렬 도포 검사 경화 세척 이송 도포 도포 압착 대기 이송 압착 도포 압착 이송 압착 이송 압착 수동정렬 압착 각인,0
6230,자동정렬 압착 검사 압착 대기 대기 수동정렬 수동정렬 경화 자동정렬 검사 세척 재작업 이송 이송 세척 대기 재작업 대기 각인 이송 경화,0
6231,자동정렬 도포 압착 수동정렬 압착 대기 경화 경화 압착 경화 세척 각인 자동정렬 각인 도포 세척 압착 세척 검사 수동정렬 각인 도포,0
6232,자동정렬 대기 검사 대기 검사 자동정렬 재작업 압착 도포 검사 경화 수동정렬 재작업 재작업 각인 각인 압착 수동정렬 도포 검사 각인 도포,1
6233,수동정렬 수동정렬 압착 자동정렬 압착 검사 이송 대기 세척 대기 대기 도포 검사 도포 각인 압착 세척 경화 이송 이송 이송 이송 이송 세척 자동정렬 세척 대기,1
6234,자동정렬 세척 대기 각인 이송 경화 수동정렬 압착 도포 검사 이송 압착 이송 대기 이송 검사 세척 재작업 수동정렬 경화 압착 대기 이송 자동정렬 경화 도포,0
6235,자동정렬 재작업 경화 이송 도포 세척 대기 수동정렬 수동정렬 각인 대기 대기 검사 압착 압착 압착 도포 대기 재작업 세척 세척 검사 재작업 검사 재작업 자동정렬 압착,1
6236,자동정렬 검사 도포 자동정렬 도포 세척 대기 각인 검사 이송 수동정렬 이송 검사 경화 각인 압착 검사 도포 대기 수동정렬 이송 검사 압착 압착,0
6237,수동정렬 대기 검사 이송 도포 수동정렬 대기 각인 이송 경화 대기 검사 대기 재작업 세척 경화 자동정렬 각인 이송 검사 압착 자동정렬 경화 검사 세척 대기,1
6238,자동정렬 경화 수동정렬 재작업 재작업 압착 각인 세척 수동정렬 각인 압착 세척 압착 경화 대기 도포 경화 자동정렬 경화 세척 세척 도포,0
6239,자동정렬 도포 도포 세척 각인 세척 재작업 대기 재작업 경화 세척 이송 재작업 압착 자동정렬 재작업 이송 세척 수동정렬 이송 세척 도포 수동정렬 압착,1
6240,자동정렬 세척 경화 도포 재작업 수동정렬 이송 대기 경화 압착 세척 경화 대기 도포 재작업 도포 수동정렬 대기 경화 압착 검사 도포 재작업 각인 자동정렬 압착 재작업,1
6241,자동정렬 대기 이송 도포 세척 세척 검사 자동정렬 각인 재작업 수동정렬 경화 각인 도포 도포 압착 세척 각인 도포 검사 압착 도포 수동정렬 재작업 압착,0
6242,수동정렬 압착 압착 대기 자동정렬 대기 압착 도포 재작업 경화 검사 압착 자동정렬 재작업 수동정렬 재작업 이송 대기 재작업 이송 각인 재작업 경화 경화 각인,1
6243,수동정렬 검사 도포 도포 경화 이송 재작업 세척 압착 자동정렬 압착 자동정렬 대기 도포 수동정렬 각인 세척 세척 이송 이송 검사 검사 이송 도포 대기,1
6244,자동정렬 수동정렬 세척 도포 대기 대기 각인 각인 압착 이송 재작업 재작업 세척 각인 도포 자동정렬 재작업 압착 대기 수동정렬 각인 각인,1
6245,자동정렬 재작업 세척 압착 재작업 재작업 자동정렬 수동정렬 대기 압착 각인 이송 도포 세척 경화 세척 도포 재작업 각인 대기 재작업 수동정렬,1
6246,수동정렬 검사 세척 수동정렬 이송 검사 각인 도포 압착 자동정렬 검사 도포 세척 세척 경화 검사 대기 이송 각인 각인 경화 검사 검사 각인 자동정렬 세척,1
6247,자동정렬 압착 대기 세척 자동정렬 재작업 검사 검사 각인 각인 압착 이송 수동정렬 이송 대기 대기 재작업 경화 도포 경화 각인 검사 경화 압착 수동정렬,0
6248,수동정렬 자동정렬 재작업 검사 도포 대기 압착 수동정렬 세척 각인 경화 재작업 이송 자동정렬 압착 각인 각인 각인 이송 도포 이송 이송 압착,1
6249,자동정렬 세척 각인 압착 수동정렬 경화 검사 이송 각인 대기 각인 세척 검사 수동정렬 각인 경화 압착 대기 세척 대기 각인 각인 자동정렬 검사 압착 검사 검사 도포,0
6250,자동정렬 검사 이송 각인 대기 이송 검사 검사 수동정렬 검사 세척 이송 수동정렬 이송 세척 도포 이송 도포 자동정렬 경화 각인 대기 대기,0
6251,자동정렬 각인 도포 검사 세척 검사 이송 검사 압착 도포 수동정렬 도포 세척 경화 대기 검사 압착 자동정렬 압착 도포 검사 세척 수동정렬 검사 경화 이송 각인 이송,0
6252,자동정렬 이송 수동정렬 대기 대기 세척 대기 재작업 대기 압착 각인 도포 자동정렬 대기 수동정렬 검사 각인 각인 검사 대기 대기 대기 경화,0
6253,자동정렬 검사 검사 각인 압착 도포 검사 각인 도포 각인 도포 도포 수동정렬 자동정렬 이송 경화 각인 대기 세척 압착 재작업 수동정렬,0
6254,자동정렬 경화 도포 압착 도포 각인 압착 대기 수동정렬 대기 세척 재작업 대기 압착 재작업 세척 검사 압착 대기 수동정렬 압착 자동정렬 세척 압착 재작업 재작업 대기 경화,1
6255,자동정렬 재작업 압착 검사 대기 도포 수동정렬 검사 경화 재작업 압착 경화 이송 도포 이송 도포 압착 각인 검사 도포 수동정렬 도포 자동정렬 각인 이송,0
6256,수동정렬 압착 압착 자동정렬 경화 이송 대기 대기 세척 대기 각인 압착 세척 이송 재작업 압착 도포 검사 세척 자동정렬 대기 도포 대기 수동정렬 대기 도포 이송,1
6257,수동정렬 검사 자동정렬 압착 압착 이송 각인 이송 세척 세척 수동정렬 압착 도포 각인 세척 대기 검사 압착 대기 검사 검사 자동정렬 이송,1
6258,자동정렬 이송 검사 각인 압착 재작업 대기 재작업 수동정렬 검사 자동정렬 수동정렬 재작업 검사 압착 경화 압착 재작업 이송 압착 도포 대기 세척,1
6259,수동정렬 자동정렬 재작업 압착 검사 각인 경화 압착 자동정렬 압착 압착 도포 세척 이송 대기 수동정렬 압착 대기 각인 재작업 도포 도포 경화 검사 세척,1
6260,자동정렬 각인 검사 각인 각인 경화 경화 도포 대기 수동정렬 세척 자동정렬 도포 경화 각인 경화 각인 도포 압착 경화 도포 압착 대기 이송 대기 수동정렬 도포 세척,0
6261,자동정렬 검사 이송 자동정렬 세척 경화 수동정렬 이송 각인 세척 수동정렬 대기 도포 재작업 대기 경화 압착 각인 도포 경화 경화 각인 이송,0
6262,자동정렬 세척 세척 대기 경화 수동정렬 압착 이송 세척 대기 세척 수동정렬 도포 대기 압착 이송 검사 이송 도포 경화 자동정렬 압착 대기 대기 이송 도포 대기,0
6263,자동정렬 세척 수동정렬 세척 경화 각인 검사 압착 세척 검사 세척 자동정렬 대기 세척 수동정렬 압착 도포 각인 압착 세척 검사 재작업,0
6264,수동정렬 이송 세척 경화 도포 도포 검사 대기 압착 경화 세척 각인 수동정렬 대기 압착 도포 각인 자동정렬 경화 압착 대기 세척 자동정렬 대기,1
6265,수동정렬 도포 압착 이송 대기 경화 수동정렬 대기 각인 경화 도포 대기 검사 대기 검사 재작업 검사 압착 각인 자동정렬 재작업 재작업 압착 검사 세척 검사 세척 자동정렬,1
6266,수동정렬 자동정렬 이송 세척 자동정렬 이송 도포 재작업 압착 각인 각인 경화 세척 이송 대기 검사 대기 세척 검사 압착 검사 수동정렬 경화 이송 각인 검사 압착 대기,1
6267,자동정렬 경화 대기 세척 수동정렬 재작업 도포 이송 압착 경화 이송 경화 도포 각인 압착 자동정렬 검사 경화 재작업 수동정렬 압착 재작업 경화 압착 대기 경화,1
6268,자동정렬 세척 대기 자동정렬 대기 도포 압착 이송 세척 검사 각인 각인 검사 각인 압착 각인 경화 수동정렬 재작업 검사 각인 압착 이송 각인 검사 경화 수동정렬 경화,0
6269,수동정렬 검사 자동정렬 압착 검사 자동정렬 재작업 각인 재작업 수동정렬 이송 각인 재작업 도포 재작업 이송 이송 검사 압착 이송 대기 검사,1
6270,자동정렬 각인 재작업 경화 경화 수동정렬 대기 자동정렬 세척 각인 경화 도포 압착 검사 세척 검사 이송 이송 재작업 압착 도포 각인 검사 재작업 수동정렬 재작업 재작업 대기,1
6271,자동정렬 세척 재작업 도포 이송 재작업 수동정렬 압착 도포 세척 세척 대기 대기 대기 경화 대기 세척 이송 대기 자동정렬 수동정렬 도포 각인 대기 세척 이송 압착 압착,0
6272,자동정렬 재작업 경화 수동정렬 검사 도포 수동정렬 세척 경화 검사 세척 도포 세척 세척 이송 각인 자동정렬 각인 재작업 검사 압착 각인 각인 검사,0
6273,자동정렬 재작업 경화 검사 이송 검사 각인 경화 도포 수동정렬 재작업 각인 경화 경화 경화 자동정렬 수동정렬 검사 검사 각인 대기 경화 압착 이송,0
6274,자동정렬 세척 이송 이송 경화 이송 자동정렬 대기 경화 검사 각인 압착 경화 각인 수동정렬 각인 경화 수동정렬 세척 재작업 이송 이송 압착 세척,0
6275,수동정렬 수동정렬 세척 경화 검사 도포 이송 재작업 이송 각인 대기 재작업 세척 압착 도포 세척 세척 자동정렬 경화 이송 자동정렬 세척 도포,1
6276,자동정렬 재작업 각인 수동정렬 검사 경화 재작업 압착 검사 각인 이송 수동정렬 대기 도포 재작업 검사 자동정렬 이송 이송 재작업 세척 경화 대기,1
6277,수동정렬 검사 자동정렬 이송 압착 경화 각인 대기 수동정렬 도포 검사 세척 각인 압착 경화 대기 압착 검사 재작업 도포 세척 경화 각인 각인 자동정렬 대기,1
6278,자동정렬 이송 이송 수동정렬 도포 자동정렬 재작업 검사 이송 검사 세척 검사 경화 검사 각인 각인 수동정렬 이송 각인 경화 재작업 도포 각인 압착 대기 이송,0
6279,자동정렬 압착 자동정렬 압착 대기 경화 검사 대기 검사 대기 도포 경화 이송 수동정렬 경화 재작업 수동정렬 검사 도포 이송 대기 도포,0
6280,자동정렬 자동정렬 이송 도포 도포 이송 검사 각인 대기 압착 대기 압착 각인 이송 각인 재작업 세척 각인 도포 검사 경화 수동정렬 이송 세척 도포 수동정렬 경화,0
6281,자동정렬 이송 경화 대기 대기 경화 경화 도포 수동정렬 압착 각인 이송 이송 이송 압착 도포 대기 검사 압착 세척 경화 자동정렬 검사 압착 수동정렬 세척 대기,0
6282,수동정렬 도포 압착 대기 재작업 압착 대기 수동정렬 도포 이송 자동정렬 재작업 이송 각인 대기 압착 자동정렬 대기 재작업 대기 압착 경화 대기,1
6283,자동정렬 도포 압착 대기 재작업 재작업 압착 압착 이송 경화 재작업 세척 각인 수동정렬 자동정렬 각인 이송 수동정렬 이송 검사 대기 이송 재작업 도포 검사,1
6284,수동정렬 경화 검사 압착 경화 검사 도포 이송 압착 재작업 경화 세척 도포 대기 경화 수동정렬 자동정렬 재작업 도포 압착 세척 검사 이송 세척 자동정렬 이송 이송 각인,1
6285,수동정렬 재작업 자동정렬 재작업 경화 대기 압착 재작업 재작업 검사 이송 경화 각인 각인 대기 자동정렬 도포 경화 각인 세척 수동정렬 재작업 각인,1
6286,수동정렬 도포 재작업 경화 자동정렬 검사 경화 이송 경화 대기 경화 도포 검사 도포 각인 이송 세척 각인 압착 대기 검사 압착 도포 이송 자동정렬 수동정렬,1
6287,자동정렬 이송 재작업 대기 검사 수동정렬 재작업 경화 대기 대기 경화 재작업 자동정렬 세척 재작업 이송 세척 각인 압착 압착 수동정렬 재작업 검사 검사,1
6288,자동정렬 압착 이송 이송 도포 수동정렬 자동정렬 수동정렬 세척 대기 대기 재작업 검사 이송 도포 검사 각인 재작업 이송 압착 이송 세척 도포 경화 재작업 대기 도포,1
6289,자동정렬 경화 수동정렬 대기 경화 수동정렬 대기 대기 세척 압착 대기 이송 세척 이송 각인 검사 자동정렬 도포 도포 도포 압착 경화 이송 경화,0
6290,자동정렬 경화 세척 압착 검사 재작업 압착 압착 재작업 대기 이송 검사 수동정렬 대기 압착 경화 수동정렬 경화 압착 세척 자동정렬 압착,0
6291,수동정렬 재작업 재작업 재작업 세척 경화 이송 도포 재작업 이송 자동정렬 수동정렬 검사 세척 검사 도포 압착 세척 검사 대기 도포 자동정렬 재작업 각인 검사 도포 도포,1
6292,자동정렬 검사 검사 세척 수동정렬 검사 자동정렬 세척 각인 검사 각인 수동정렬 각인 경화 세척 압착 각인 검사 검사 이송 각인 도포 검사 대기,0
6293,수동정렬 수동정렬 도포 재작업 세척 경화 대기 대기 세척 자동정렬 이송 자동정렬 경화 각인 경화 재작업 대기 검사 세척 이송 대기 검사,1
6294,자동정렬 세척 재작업 수동정렬 대기 세척 재작업 대기 이송 재작업 대기 압착 세척 수동정렬 이송 자동정렬 검사 재작업 세척 대기 세척 이송 도포 검사 경화 이송 대기 재작업,1
6295,수동정렬 검사 이송 대기 재작업 재작업 검사 각인 세척 대기 도포 재작업 재작업 대기 각인 도포 재작업 경화 경화 자동정렬 자동정렬 경화 검사 경화 이송 대기 수동정렬 대기,1
6296,자동정렬 각인 세척 압착 검사 이송 대기 대기 경화 대기 압착 압착 수동정렬 이송 검사 검사 세척 도포 이송 검사 도포 자동정렬 이송 경화 검사 세척 대기 수동정렬,0
6297,자동정렬 각인 압착 검사 이송 검사 도포 압착 각인 수동정렬 대기 대기 경화 도포 각인 검사 각인 세척 도포 압착 자동정렬 수동정렬 각인 경화,0
6298,수동정렬 압착 자동정렬 자동정렬 경화 세척 경화 경화 이송 대기 이송 이송 세척 검사 재작업 검사 검사 각인 재작업 도포 수동정렬 재작업 경화 압착,1
6299,수동정렬 대기 압착 자동정렬 이송 세척 각인 재작업 도포 수동정렬 도포 검사 각인 각인 세척 대기 각인 이송 재작업 압착 자동정렬 세척 세척 압착 경화 경화,1
6300,자동정렬 압착 수동정렬 대기 경화 도포 세척 각인 세척 도포 대기 각인 경화 수동정렬 검사 검사 대기 도포 검사 대기 검사 경화 압착 재작업 도포 자동정렬,0
6301,자동정렬 각인 각인 각인 압착 대기 도포 경화 수동정렬 검사 경화 이송 이송 재작업 각인 수동정렬 검사 자동정렬 재작업 세척 경화 대기 도포 대기,0
6302,수동정렬 대기 대기 경화 이송 압착 도포 세척 이송 자동정렬 압착 대기 대기 검사 세척 검사 검사 압착 자동정렬 이송 경화 이송 각인 각인 각인 대기 수동정렬,1
6303,자동정렬 압착 경화 검사 각인 세척 수동정렬 각인 재작업 대기 재작업 도포 이송 자동정렬 경화 세척 세척 수동정렬 각인 검사 재작업 경화 이송,1
6304,자동정렬 세척 검사 압착 검사 검사 압착 검사 경화 압착 경화 수동정렬 압착 도포 도포 대기 세척 각인 자동정렬 대기 이송 수동정렬 경화,0
6305,자동정렬 이송 자동정렬 압착 압착 각인 경화 대기 이송 이송 재작업 수동정렬 세척 재작업 경화 세척 재작업 이송 세척 각인 압착 세척 세척 수동정렬 재작업 검사,1
6306,수동정렬 경화 수동정렬 검사 검사 자동정렬 이송 도포 압착 세척 자동정렬 각인 압착 경화 도포 도포 재작업 경화 각인 이송 도포 압착 각인 경화 검사,1
6307,자동정렬 압착 세척 검사 수동정렬 검사 경화 각인 도포 이송 재작업 세척 수동정렬 도포 검사 재작업 이송 압착 검사 자동정렬 경화 도포 이송,0
6308,자동정렬 검사 경화 검사 도포 세척 검사 자동정렬 도포 검사 각인 수동정렬 압착 압착 도포 검사 각인 압착 도포 경화 각인 수동정렬 검사,0
6309,수동정렬 검사 압착 자동정렬 검사 경화 재작업 자동정렬 경화 각인 검사 검사 대기 재작업 각인 도포 도포 이송 이송 재작업 도포 수동정렬 세척 대기,1
6310,자동정렬 도포 재작업 세척 검사 이송 이송 재작업 경화 각인 대기 수동정렬 검사 경화 각인 자동정렬 각인 도포 대기 각인 도포 세척 각인 수동정렬,0
6311,자동정렬 도포 세척 각인 세척 재작업 압착 대기 검사 경화 수동정렬 수동정렬 압착 세척 경화 검사 각인 각인 도포 재작업 도포 세척 자동정렬,0
6312,자동정렬 압착 경화 경화 압착 검사 대기 검사 도포 도포 각인 이송 도포 압착 자동정렬 도포 재작업 이송 각인 이송 경화 이송 수동정렬 수동정렬,0
6313,자동정렬 자동정렬 수동정렬 세척 도포 도포 이송 도포 경화 도포 도포 각인 대기 수동정렬 압착 압착 이송 압착 각인 이송 각인 재작업 압착,0
6314,자동정렬 재작업 경화 각인 도포 압착 각인 도포 검사 도포 도포 각인 각인 이송 검사 수동정렬 수동정렬 자동정렬 재작업 각인 도포 도포 경화 경화 대기,0
6315,자동정렬 각인 검사 각인 압착 경화 대기 세척 대기 세척 검사 세척 대기 도포 자동정렬 압착 수동정렬 각인 도포 경화 경화 도포 검사 수동정렬 세척 검사 도포 압착,0
6316,자동정렬 재작업 세척 압착 각인 각인 각인 검사 압착 재작업 재작업 압착 각인 도포 경화 수동정렬 도포 도포 수동정렬 대기 자동정렬 대기,1
6317,자동정렬 대기 압착 수동정렬 세척 세척 도포 각인 자동정렬 압착 경화 압착 도포 도포 각인 수동정렬 각인 압착 검사 대기 세척 검사 도포 각인 경화 압착,0
6318,자동정렬 수동정렬 검사 재작업 경화 재작업 도포 세척 도포 자동정렬 이송 대기 세척 세척 검사 경화 압착 검사 각인 경화 수동정렬 검사 압착 경화,0
6319,자동정렬 압착 재작업 재작업 재작업 경화 경화 압착 각인 검사 수동정렬 도포 검사 검사 재작업 검사 경화 세척 대기 압착 자동정렬 세척 세척 수동정렬 압착 재작업,1
6320,수동정렬 자동정렬 재작업 재작업 세척 도포 압착 이송 각인 재작업 도포 경화 이송 수동정렬 경화 검사 이송 대기 자동정렬 재작업 압착 검사 대기 이송 각인 세척,1
6321,자동정렬 각인 수동정렬 대기 검사 경화 대기 압착 이송 대기 자동정렬 도포 각인 검사 도포 수동정렬 이송 도포 도포 세척 도포 세척 각인 각인 재작업 검사 각인 경화,0
6322,자동정렬 대기 대기 경화 도포 각인 압착 각인 이송 이송 대기 수동정렬 대기 이송 세척 검사 대기 압착 압착 자동정렬 경화 경화 수동정렬 대기 이송 세척,0
6323,수동정렬 이송 자동정렬 도포 세척 압착 검사 검사 대기 세척 재작업 도포 검사 대기 대기 도포 경화 수동정렬 세척 각인 자동정렬 대기 압착 도포 경화 대기 대기 대기,1
6324,자동정렬 재작업 검사 경화 도포 수동정렬 각인 대기 압착 압착 검사 수동정렬 이송 압착 재작업 자동정렬 압착 각인 검사 압착 도포 각인,0
6325,수동정렬 경화 수동정렬 경화 재작업 이송 각인 대기 대기 경화 검사 이송 재작업 압착 자동정렬 각인 도포 세척 대기 경화 검사 대기 압착 각인 세척 자동정렬 재작업,1
6326,자동정렬 경화 재작업 세척 대기 세척 이송 압착 수동정렬 자동정렬 이송 수동정렬 경화 각인 경화 압착 검사 경화 압착 압착 이송 도포 압착,0
6327,자동정렬 세척 각인 압착 재작업 검사 도포 자동정렬 검사 압착 재작업 수동정렬 이송 압착 경화 압착 이송 수동정렬 경화 대기 검사 경화 각인 대기 검사,0
6328,자동정렬 재작업 경화 각인 압착 수동정렬 재작업 각인 대기 각인 자동정렬 압착 경화 각인 압착 이송 각인 도포 수동정렬 이송 경화 경화 대기 압착 각인 각인 압착,0
6329,자동정렬 경화 검사 각인 수동정렬 대기 각인 압착 세척 수동정렬 도포 도포 검사 자동정렬 대기 각인 각인 각인 검사 세척 경화 도포 각인 경화,0
6330,자동정렬 재작업 경화 세척 압착 각인 대기 수동정렬 자동정렬 각인 도포 검사 세척 이송 검사 검사 대기 이송 경화 세척 검사 각인 경화 세척 세척 대기 수동정렬 도포,0
6331,자동정렬 압착 경화 각인 압착 검사 검사 자동정렬 검사 수동정렬 도포 세척 경화 재작업 재작업 경화 경화 수동정렬 각인 세척 압착 세척 도포 검사 세척,0
6332,자동정렬 대기 수동정렬 압착 경화 세척 경화 경화 자동정렬 수동정렬 압착 대기 도포 검사 검사 도포 세척 재작업 대기 압착 도포 경화 재작업,0
6333,자동정렬 압착 대기 압착 압착 대기 대기 재작업 재작업 대기 세척 경화 세척 대기 재작업 자동정렬 수동정렬 이송 재작업 대기 대기 세척 경화 검사 수동정렬 각인 검사 세척,1
6334,자동정렬 각인 압착 각인 각인 각인 도포 각인 자동정렬 세척 이송 각인 검사 경화 세척 대기 대기 수동정렬 검사 도포 대기 도포 각인 수동정렬 경화 대기,0
6335,수동정렬 재작업 경화 도포 재작업 경화 압착 검사 대기 각인 압착 도포 자동정렬 이송 압착 검사 도포 자동정렬 수동정렬 세척 검사 각인 세척,1
6336,자동정렬 각인 수동정렬 경화 각인 압착 세척 이송 경화 이송 수동정렬 자동정렬 대기 재작업 재작업 이송 각인 세척 검사 대기 세척 대기 이송,0
6337,수동정렬 재작업 대기 세척 검사 세척 도포 경화 자동정렬 경화 세척 도포 이송 경화 자동정렬 이송 검사 경화 압착 이송 수동정렬 대기 각인 검사 도포 대기 세척 이송,1
6338,자동정렬 도포 압착 수동정렬 검사 도포 자동정렬 이송 각인 도포 경화 도포 압착 수동정렬 이송 이송 경화 압착 세척 도포 이송 각인 검사 도포 검사,0
6339,자동정렬 압착 세척 압착 검사 경화 검사 압착 세척 도포 수동정렬 이송 수동정렬 압착 대기 세척 세척 경화 검사 도포 검사 검사 자동정렬 각인 경화 대기 경화,0
6340,자동정렬 도포 이송 자동정렬 세척 이송 검사 대기 세척 재작업 도포 검사 압착 검사 재작업 이송 대기 경화 세척 수동정렬 수동정렬 각인,0
6341,자동정렬 수동정렬 검사 수동정렬 검사 이송 검사 자동정렬 경화 검사 검사 검사 이송 각인 경화 경화 검사 도포 재작업 세척 이송 세척,0
6342,자동정렬 도포 검사 수동정렬 도포 각인 압착 도포 재작업 도포 자동정렬 이송 이송 압착 검사 세척 검사 재작업 수동정렬 각인 도포 대기,0
6343,자동정렬 수동정렬 경화 재작업 검사 이송 이송 압착 각인 대기 수동정렬 대기 각인 검사 이송 세척 재작업 이송 세척 경화 이송 자동정렬 도포,0
6344,자동정렬 대기 세척 수동정렬 도포 세척 세척 경화 대기 이송 이송 이송 경화 이송 이송 자동정렬 이송 수동정렬 세척 도포 대기 이송 경화 재작업 경화 이송 대기 도포,0
6345,자동정렬 도포 이송 이송 검사 경화 세척 대기 세척 이송 검사 검사 이송 압착 이송 수동정렬 압착 각인 자동정렬 대기 이송 수동정렬 도포 대기 재작업 검사 도포 재작업,0
6346,수동정렬 수동정렬 대기 압착 도포 각인 도포 압착 자동정렬 대기 이송 검사 재작업 압착 세척 세척 경화 자동정렬 재작업 세척 도포 이송,1
6347,자동정렬 각인 재작업 세척 도포 재작업 대기 검사 수동정렬 세척 재작업 검사 각인 검사 이송 각인 각인 각인 이송 도포 자동정렬 각인 각인 수동정렬 압착,1
6348,수동정렬 세척 압착 자동정렬 세척 세척 대기 대기 이송 재작업 세척 세척 자동정렬 대기 압착 세척 도포 대기 세척 검사 수동정렬 압착 검사,1
6349,자동정렬 재작업 세척 경화 각인 검사 재작업 대기 압착 도포 자동정렬 대기 재작업 이송 압착 각인 수동정렬 재작업 검사 수동정렬 경화 경화 압착,1
6350,수동정렬 세척 자동정렬 도포 재작업 도포 검사 경화 자동정렬 도포 압착 재작업 각인 압착 수동정렬 세척 각인 재작업 대기 세척 세척 재작업,1
6351,자동정렬 수동정렬 검사 압착 자동정렬 각인 도포 도포 경화 대기 검사 이송 압착 도포 검사 대기 경화 검사 검사 압착 수동정렬 대기 압착 세척,0
6352,자동정렬 대기 자동정렬 세척 경화 수동정렬 도포 세척 압착 수동정렬 검사 경화 경화 대기 대기 재작업 재작업 검사 각인 대기 압착 도포 검사 재작업 압착,1
6353,자동정렬 세척 세척 대기 압착 자동정렬 재작업 검사 도포 각인 압착 도포 이송 검사 압착 압착 수동정렬 대기 압착 세척 세척 검사 도포 수동정렬 검사 도포,0
6354,수동정렬 각인 각인 검사 수동정렬 도포 자동정렬 각인 도포 각인 이송 자동정렬 경화 세척 도포 이송 대기 경화 도포 각인 검사 세척 각인 검사 대기 검사,1
6355,자동정렬 자동정렬 각인 압착 세척 이송 각인 압착 각인 대기 재작업 세척 대기 수동정렬 재작업 압착 수동정렬 도포 세척 경화 세척 대기,0
6356,수동정렬 검사 검사 수동정렬 각인 대기 자동정렬 세척 대기 이송 검사 검사 도포 압착 대기 이송 세척 자동정렬 검사 검사 도포 도포 세척 이송,1
6357,자동정렬 재작업 검사 대기 압착 경화 대기 자동정렬 이송 대기 재작업 이송 재작업 도포 재작업 도포 각인 압착 대기 수동정렬 압착 도포 재작업 대기 경화 수동정렬 대기 도포,1
6358,자동정렬 검사 재작업 대기 경화 검사 세척 수동정렬 도포 자동정렬 경화 경화 세척 세척 이송 대기 이송 수동정렬 도포 세척 대기 세척,0
6359,자동정렬 압착 각인 수동정렬 재작업 대기 이송 수동정렬 검사 대기 대기 압착 대기 재작업 압착 재작업 도포 검사 각인 각인 자동정렬 세척,1
6360,자동정렬 경화 각인 이송 대기 이송 경화 경화 검사 세척 대기 수동정렬 수동정렬 각인 세척 압착 자동정렬 대기 대기 재작업 압착 경화,0
6361,수동정렬 수동정렬 각인 경화 재작업 대기 대기 각인 경화 압착 경화 각인 세척 자동정렬 도포 각인 자동정렬 각인 세척 압착 이송 검사,1
6362,자동정렬 도포 대기 각인 세척 도포 검사 이송 경화 재작업 압착 대기 이송 자동정렬 경화 검사 이송 세척 수동정렬 도포 수동정렬 세척 경화 각인 세척 각인,0
6363,자동정렬 각인 압착 이송 세척 세척 각인 수동정렬 수동정렬 자동정렬 압착 각인 세척 세척 각인 경화 경화 세척 검사 도포 대기 세척 검사 대기 검사,0
6364,자동정렬 각인 압착 대기 각인 경화 검사 도포 도포 세척 도포 수동정렬 이송 압착 수동정렬 각인 경화 자동정렬 세척 이송 이송 각인 세척 세척,0
6365,수동정렬 경화 이송 세척 이송 경화 대기 검사 각인 압착 대기 각인 재작업 세척 자동정렬 압착 수동정렬 검사 자동정렬 세척 재작업 경화 검사,1
6366,자동정렬 압착 도포 세척 검사 경화 도포 수동정렬 각인 재작업 이송 압착 각인 자동정렬 대기 대기 재작업 재작업 각인 대기 재작업 도포 수동정렬,1
6367,자동정렬 대기 경화 대기 재작업 자동정렬 수동정렬 수동정렬 경화 경화 대기 이송 도포 각인 대기 세척 이송 이송 이송 경화 대기 압착 도포 도포,0
6368,자동정렬 검사 자동정렬 검사 각인 대기 이송 재작업 도포 검사 검사 각인 세척 도포 도포 수동정렬 이송 재작업 이송 경화 경화 각인 도포 수동정렬 각인,0
6369,수동정렬 각인 검사 도포 세척 재작업 재작업 세척 대기 자동정렬 자동정렬 세척 수동정렬 이송 검사 대기 재작업 대기 도포 도포 재작업 재작업 도포 이송 도포,1
6370,자동정렬 압착 이송 경화 검사 검사 재작업 이송 검사 도포 세척 경화 재작업 수동정렬 도포 수동정렬 재작업 대기 재작업 압착 이송 각인 도포 이송 경화 검사 경화 자동정렬,1
6371,수동정렬 이송 검사 세척 이송 검사 검사 검사 대기 경화 대기 대기 경화 이송 대기 이송 경화 자동정렬 수동정렬 세척 압착 자동정렬 대기 대기 세척 각인 대기,1
6372,자동정렬 이송 각인 이송 세척 세척 자동정렬 재작업 도포 각인 세척 대기 각인 재작업 재작업 수동정렬 수동정렬 이송 도포 도포 도포 각인 도포 각인 도포,1
6373,수동정렬 각인 검사 수동정렬 도포 대기 세척 각인 도포 검사 재작업 도포 자동정렬 이송 경화 경화 도포 자동정렬 세척 이송 경화 각인 검사,1
6374,자동정렬 각인 재작업 재작업 세척 경화 각인 이송 압착 세척 이송 재작업 수동정렬 이송 압착 대기 재작업 자동정렬 검사 대기 세척 수동정렬 대기 각인,1
6375,자동정렬 검사 도포 압착 압착 재작업 대기 수동정렬 경화 경화 도포 검사 수동정렬 검사 이송 검사 재작업 검사 각인 대기 경화 경화 자동정렬 도포,0
6376,자동정렬 대기 세척 이송 이송 자동정렬 재작업 대기 이송 도포 대기 도포 이송 수동정렬 도포 각인 수동정렬 도포 이송 압착 도포 대기 재작업,0
6377,자동정렬 도포 검사 경화 압착 세척 대기 경화 압착 경화 경화 세척 재작업 압착 도포 경화 대기 수동정렬 각인 자동정렬 압착 각인 재작업 검사 수동정렬 세척,0
6378,수동정렬 압착 이송 경화 세척 재작업 자동정렬 도포 도포 재작업 세척 각인 도포 각인 검사 세척 압착 각인 자동정렬 수동정렬 재작업 각인 세척 대기 재작업 이송,1
6379,자동정렬 이송 이송 이송 이송 대기 수동정렬 경화 세척 경화 대기 경화 경화 검사 경화 이송 세척 수동정렬 대기 검사 대기 검사 압착 압착 경화 자동정렬,0
6380,수동정렬 검사 도포 경화 대기 경화 재작업 각인 세척 각인 도포 이송 재작업 재작업 도포 도포 수동정렬 도포 도포 자동정렬 각인 자동정렬 재작업 압착 세척,1
6381,수동정렬 이송 도포 세척 검사 검사 대기 대기 자동정렬 각인 압착 재작업 자동정렬 검사 세척 압착 이송 수동정렬 경화 재작업 이송 재작업 도포 경화 대기 각인 세척 대기,1
6382,수동정렬 검사 각인 이송 재작업 세척 이송 이송 이송 압착 수동정렬 대기 압착 자동정렬 세척 도포 대기 압착 압착 압착 자동정렬 세척 이송,1
6383,자동정렬 이송 수동정렬 수동정렬 검사 세척 압착 압착 이송 이송 검사 재작업 대기 검사 이송 도포 압착 검사 경화 이송 각인 각인 검사 자동정렬 이송 재작업,0
6384,자동정렬 세척 검사 경화 대기 도포 각인 압착 검사 경화 압착 수동정렬 각인 재작업 재작업 수동정렬 각인 경화 자동정렬 도포 재작업 각인,1
6385,자동정렬 대기 이송 도포 압착 경화 자동정렬 이송 도포 수동정렬 도포 압착 재작업 도포 도포 경화 대기 세척 수동정렬 각인 압착 이송 검사 경화 도포 검사,0
6386,자동정렬 각인 검사 자동정렬 이송 압착 각인 이송 대기 각인 도포 압착 도포 이송 경화 도포 세척 수동정렬 수동정렬 세척 검사 세척 압착 세척 각인 세척,0
6387,자동정렬 각인 세척 도포 수동정렬 수동정렬 도포 세척 검사 세척 경화 이송 대기 세척 대기 도포 자동정렬 경화 압착 각인 재작업 압착 이송 재작업 압착 각인 대기,0
6388,자동정렬 경화 이송 검사 대기 자동정렬 압착 대기 압착 이송 세척 대기 각인 도포 경화 검사 각인 세척 각인 수동정렬 이송 수동정렬 도포,0
6389,수동정렬 검사 대기 세척 압착 세척 도포 각인 자동정렬 도포 세척 각인 압착 경화 도포 세척 자동정렬 검사 세척 이송 각인 대기 수동정렬 각인 세척,1
6390,자동정렬 세척 경화 도포 검사 세척 재작업 재작업 경화 재작업 세척 대기 압착 대기 경화 각인 자동정렬 도포 재작업 이송 수동정렬 이송 각인 수동정렬 대기,1
6391,자동정렬 압착 도포 도포 각인 각인 압착 압착 수동정렬 검사 검사 대기 세척 경화 세척 대기 수동정렬 이송 경화 압착 자동정렬 도포 경화 경화 대기 각인,0
6392,자동정렬 자동정렬 검사 수동정렬 각인 검사 경화 재작업 대기 검사 재작업 경화 세척 도포 압착 대기 대기 수동정렬 검사 대기 대기 세척 이송,0
6393,자동정렬 자동정렬 수동정렬 대기 도포 재작업 재작업 압착 재작업 경화 각인 수동정렬 압착 대기 도포 세척 재작업 각인 이송 경화 세척 재작업 이송 세척 도포 세척 도포,1
6394,자동정렬 경화 검사 대기 경화 각인 검사 경화 수동정렬 경화 대기 이송 이송 세척 각인 자동정렬 이송 경화 검사 수동정렬 대기 세척 도포 이송 압착,0
6395,자동정렬 자동정렬 압착 압착 대기 수동정렬 대기 재작업 압착 도포 경화 경화 각인 경화 검사 대기 압착 이송 대기 각인 검사 수동정렬 도포 도포 각인,0
6396,자동정렬 검사 압착 각인 각인 자동정렬 대기 압착 각인 각인 이송 대기 검사 압착 각인 경화 압착 대기 각인 세척 대기 도포 도포 압착 수동정렬 이송 도포 수동정렬,0
6397,자동정렬 압착 재작업 수동정렬 경화 경화 수동정렬 각인 경화 각인 압착 도포 각인 도포 검사 경화 각인 세척 도포 도포 경화 자동정렬 대기 재작업,0
6398,자동정렬 경화 대기 검사 재작업 자동정렬 재작업 대기 대기 경화 수동정렬 도포 재작업 이송 압착 이송 이송 재작업 세척 대기 검사 검사 수동정렬 경화 대기 대기 도포,1
6399,자동정렬 대기 도포 압착 경화 자동정렬 검사 세척 각인 도포 도포 각인 경화 수동정렬 도포 수동정렬 세척 압착 도포 도포 도포 이송,0
6400,자동정렬 경화 경화 수동정렬 각인 각인 재작업 각인 압착 세척 도포 대기 검사 경화 검사 도포 경화 재작업 재작업 세척 자동정렬 수동정렬 이송,1
6401,자동정렬 각인 검사 검사 수동정렬 검사 수동정렬 재작업 세척 각인 대기 도포 경화 각인 검사 도포 재작업 재작업 압착 검사 이송 이송 자동정렬 각인 세척 재작업 재작업,1
6402,자동정렬 세척 도포 검사 재작업 이송 수동정렬 각인 자동정렬 경화 대기 각인 검사 세척 압착 세척 검사 세척 세척 도포 수동정렬 경화 압착,0
6403,자동정렬 각인 대기 수동정렬 도포 세척 재작업 대기 대기 수동정렬 이송 대기 검사 자동정렬 각인 세척 경화 이송 이송 세척 대기 재작업 재작업 도포 대기 압착,1
6404,자동정렬 검사 도포 수동정렬 이송 자동정렬 재작업 재작업 검사 경화 각인 경화 재작업 각인 경화 대기 이송 수동정렬 검사 도포 대기 대기 각인 압착 각인 검사,1
6405,자동정렬 도포 압착 세척 자동정렬 세척 재작업 경화 수동정렬 검사 재작업 세척 검사 재작업 수동정렬 압착 도포 도포 도포 검사 각인 경화,1
6406,자동정렬 수동정렬 자동정렬 도포 이송 검사 도포 경화 세척 대기 대기 세척 대기 수동정렬 압착 재작업 압착 재작업 도포 이송 도포 세척 대기,0
6407,수동정렬 도포 각인 각인 자동정렬 이송 이송 대기 자동정렬 검사 이송 도포 재작업 검사 도포 검사 도포 이송 대기 수동정렬 이송 압착 이송 대기 경화 검사,1
6408,자동정렬 대기 대기 수동정렬 세척 경화 경화 재작업 이송 세척 이송 경화 경화 각인 재작업 도포 도포 대기 수동정렬 세척 각인 도포 각인 재작업 재작업 자동정렬 재작업,1
6409,자동정렬 세척 각인 자동정렬 검사 경화 대기 도포 압착 경화 압착 각인 수동정렬 압착 이송 압착 압착 세척 경화 각인 이송 이송 검사 수동정렬 도포 이송 검사 각인,0
6410,수동정렬 압착 재작업 도포 재작업 압착 도포 수동정렬 자동정렬 경화 압착 세척 압착 각인 경화 세척 재작업 검사 검사 대기 자동정렬 대기 대기 검사 압착 각인 각인,1
6411,자동정렬 대기 도포 자동정렬 재작업 각인 검사 수동정렬 세척 압착 이송 압착 경화 세척 세척 세척 이송 검사 재작업 검사 각인 경화 수동정렬 경화 검사,0
6412,수동정렬 경화 재작업 대기 이송 각인 경화 각인 압착 도포 세척 이송 이송 검사 각인 세척 자동정렬 각인 이송 경화 자동정렬 세척 수동정렬 세척 도포 각인 각인,1
6413,수동정렬 압착 경화 도포 각인 대기 압착 재작업 세척 재작업 경화 각인 이송 압착 검사 경화 세척 이송 자동정렬 검사 각인 압착 압착 수동정렬 자동정렬 압착 세척,1
6414,자동정렬 압착 대기 대기 재작업 각인 경화 압착 재작업 각인 자동정렬 수동정렬 경화 경화 대기 수동정렬 경화 각인 도포 대기 세척 재작업 세척 재작업 경화 도포 대기,1
6415,수동정렬 검사 도포 재작업 자동정렬 압착 수동정렬 검사 경화 경화 세척 대기 각인 각인 이송 이송 검사 압착 세척 압착 자동정렬 이송 압착 재작업 세척 세척 도포,1
6416,자동정렬 검사 세척 이송 이송 이송 수동정렬 검사 압착 압착 검사 압착 세척 재작업 경화 도포 재작업 검사 압착 자동정렬 경화 수동정렬 압착 이송,0
6417,자동정렬 각인 세척 도포 압착 대기 재작업 재작업 수동정렬 검사 검사 경화 경화 대기 수동정렬 자동정렬 압착 도포 검사 경화 세척 재작업 이송 경화 도포 압착 이송,1
6418,자동정렬 각인 재작업 수동정렬 도포 세척 압착 경화 압착 세척 경화 경화 검사 세척 도포 도포 경화 도포 수동정렬 재작업 대기 대기 자동정렬 경화 대기 대기,0
6419,자동정렬 압착 세척 수동정렬 검사 대기 이송 자동정렬 압착 각인 세척 세척 재작업 수동정렬 이송 세척 각인 경화 대기 검사 이송 도포 세척 도포,0
6420,자동정렬 수동정렬 경화 검사 각인 검사 자동정렬 대기 도포 각인 재작업 압착 수동정렬 검사 대기 도포 세척 세척 대기 도포 대기 경화 재작업,0
6421,수동정렬 압착 수동정렬 자동정렬 세척 검사 각인 세척 대기 검사 대기 압착 재작업 경화 세척 대기 검사 이송 세척 압착 대기 도포 이송 자동정렬 압착 각인,1
6422,자동정렬 대기 검사 압착 수동정렬 각인 압착 재작업 경화 압착 이송 수동정렬 각인 대기 이송 압착 압착 대기 압착 자동정렬 재작업 재작업 압착 검사 도포 각인,1
6423,자동정렬 경화 경화 도포 수동정렬 이송 세척 압착 자동정렬 검사 각인 도포 검사 검사 경화 이송 검사 이송 세척 수동정렬 각인 도포,0
6424,자동정렬 수동정렬 수동정렬 도포 각인 도포 압착 세척 세척 각인 대기 각인 도포 경화 도포 경화 각인 재작업 이송 대기 경화 경화 자동정렬 재작업 도포 압착 도포,0
6425,수동정렬 자동정렬 재작업 경화 검사 이송 재작업 도포 도포 각인 자동정렬 수동정렬 각인 이송 이송 도포 경화 대기 세척 도포 각인 이송 검사 경화 각인 경화,1
6426,자동정렬 재작업 압착 각인 도포 세척 각인 세척 세척 압착 도포 각인 수동정렬 압착 검사 이송 대기 수동정렬 재작업 경화 자동정렬 도포 경화 각인 도포 각인 도포 경화,0
6427,자동정렬 수동정렬 경화 재작업 검사 도포 검사 자동정렬 대기 이송 경화 검사 도포 수동정렬 도포 대기 각인 재작업 재작업 세척 대기 세척,1
6428,수동정렬 자동정렬 세척 대기 자동정렬 세척 대기 이송 검사 이송 도포 경화 검사 대기 경화 이송 수동정렬 재작업 검사 재작업 압착 대기 세척 이송,1
6429,수동정렬 경화 대기 검사 자동정렬 이송 세척 경화 재작업 이송 재작업 검사 도포 이송 이송 자동정렬 도포 경화 세척 이송 각인 수동정렬,1
6430,자동정렬 재작업 도포 세척 도포 이송 세척 수동정렬 이송 세척 자동정렬 압착 도포 경화 도포 검사 경화 세척 도포 각인 수동정렬 압착 재작업 이송 압착 압착 압착,0
6431,자동정렬 대기 압착 압착 수동정렬 수동정렬 검사 검사 이송 재작업 압착 경화 검사 검사 세척 대기 검사 재작업 검사 세척 검사 자동정렬 경화 세척 대기,0
6432,수동정렬 압착 세척 이송 재작업 세척 검사 검사 각인 도포 압착 경화 자동정렬 압착 압착 각인 자동정렬 재작업 검사 검사 수동정렬 각인 도포 이송,1
6433,자동정렬 세척 재작업 압착 자동정렬 수동정렬 재작업 도포 세척 재작업 도포 재작업 압착 검사 재작업 경화 압착 검사 대기 이송 수동정렬 검사,1
6434,수동정렬 대기 도포 경화 경화 도포 자동정렬 경화 도포 도포 대기 경화 도포 압착 경화 재작업 도포 이송 압착 경화 대기 압착 대기 검사 수동정렬 자동정렬 세척,1
6435,자동정렬 수동정렬 압착 재작업 압착 자동정렬 대기 검사 경화 대기 경화 세척 경화 각인 대기 경화 세척 대기 각인 대기 경화 세척 재작업 수동정렬 대기,0
6436,자동정렬 경화 검사 이송 이송 압착 세척 검사 세척 검사 자동정렬 각인 재작업 세척 압착 이송 수동정렬 재작업 압착 수동정렬 검사 압착 각인,0
6437,자동정렬 압착 대기 경화 자동정렬 경화 경화 검사 각인 대기 압착 각인 각인 도포 압착 도포 경화 압착 수동정렬 수동정렬 도포 각인 이송 이송 압착,0
6438,자동정렬 대기 도포 대기 검사 수동정렬 이송 경화 자동정렬 도포 재작업 대기 이송 대기 재작업 수동정렬 세척 대기 각인 경화 세척 각인,0
6439,수동정렬 경화 세척 경화 검사 이송 이송 경화 도포 재작업 검사 경화 경화 세척 자동정렬 세척 수동정렬 각인 세척 자동정렬 이송 세척 각인 세척 도포,1
6440,자동정렬 재작업 경화 이송 경화 대기 이송 이송 각인 압착 도포 각인 도포 세척 검사 이송 각인 자동정렬 경화 이송 수동정렬 압착 각인 검사 수동정렬 재작업,0
6441,자동정렬 대기 대기 압착 재작업 자동정렬 세척 경화 도포 수동정렬 재작업 도포 각인 압착 이송 검사 각인 재작업 도포 각인 각인 수동정렬,1
6442,수동정렬 도포 세척 검사 도포 자동정렬 이송 대기 도포 경화 압착 세척 도포 각인 경화 각인 압착 도포 자동정렬 이송 도포 수동정렬 경화 검사 도포 각인,1
6443,수동정렬 이송 이송 세척 재작업 대기 각인 도포 각인 수동정렬 각인 압착 경화 자동정렬 도포 경화 자동정렬 경화 경화 경화 각인 압착,1
6444,수동정렬 자동정렬 각인 수동정렬 도포 대기 이송 각인 세척 경화 대기 대기 세척 이송 도포 대기 검사 압착 각인 압착 재작업 각인 각인 자동정렬 대기 이송 세척,1
6445,수동정렬 검사 이송 세척 자동정렬 경화 세척 대기 대기 검사 도포 경화 각인 도포 검사 세척 자동정렬 도포 경화 압착 수동정렬 경화 검사,1
6446,자동정렬 대기 도포 검사 이송 각인 세척 재작업 압착 재작업 수동정렬 도포 대기 압착 자동정렬 대기 세척 경화 세척 압착 수동정렬 각인 각인,0
6447,자동정렬 압착 각인 대기 도포 각인 재작업 수동정렬 압착 수동정렬 검사 대기 압착 대기 자동정렬 이송 이송 세척 각인 세척 각인 압착 각인 압착,0
6448,자동정렬 압착 각인 대기 대기 이송 경화 각인 수동정렬 세척 자동정렬 수동정렬 검사 검사 세척 대기 검사 각인 압착 검사 대기 각인 경화 각인 압착 재작업 압착,0
6449,자동정렬 압착 세척 검사 경화 도포 재작업 자동정렬 도포 이송 압착 경화 수동정렬 각인 이송 각인 수동정렬 도포 대기 경화 경화 검사 경화 각인,0
6450,수동정렬 각인 이송 재작업 도포 재작업 검사 도포 도포 대기 재작업 검사 각인 각인 경화 수동정렬 자동정렬 도포 압착 각인 압착 자동정렬 압착 세척 재작업 대기 도포,1
6451,자동정렬 도포 검사 세척 각인 각인 수동정렬 재작업 이송 검사 세척 자동정렬 이송 경화 경화 검사 압착 세척 세척 경화 경화 수동정렬,0
6452,자동정렬 검사 자동정렬 압착 압착 검사 도포 수동정렬 대기 각인 이송 각인 도포 도포 세척 세척 수동정렬 재작업 재작업 재작업 검사 압착 대기 대기 압착 압착,1
6453,자동정렬 검사 경화 도포 각인 수동정렬 도포 각인 도포 이송 각인 수동정렬 재작업 각인 도포 도포 검사 검사 도포 자동정렬 대기 검사 경화 압착,0
6454,자동정렬 압착 수동정렬 세척 도포 세척 검사 각인 각인 대기 자동정렬 압착 대기 검사 경화 도포 세척 재작업 세척 검사 세척 세척 각인 재작업 수동정렬 대기,0
6455,수동정렬 자동정렬 경화 각인 대기 이송 대기 도포 자동정렬 경화 경화 검사 압착 압착 재작업 이송 수동정렬 이송 압착 검사 경화 도포,1
6456,수동정렬 세척 경화 이송 경화 각인 압착 재작업 자동정렬 각인 재작업 대기 대기 자동정렬 수동정렬 압착 도포 세척 각인 도포 각인 이송,1
6457,자동정렬 검사 압착 자동정렬 이송 수동정렬 수동정렬 각인 검사 세척 경화 경화 도포 도포 이송 이송 도포 경화 재작업 경화 세척 이송 대기 도포 검사 검사,0
6458,자동정렬 도포 이송 대기 압착 재작업 압착 세척 세척 대기 세척 대기 경화 수동정렬 이송 수동정렬 검사 이송 검사 압착 재작업 자동정렬 검사,0
6459,자동정렬 도포 검사 검사 압착 대기 압착 압착 자동정렬 압착 이송 세척 각인 경화 압착 세척 수동정렬 압착 수동정렬 검사 압착 압착 각인 세척 대기 각인 압착,0
6460,수동정렬 도포 자동정렬 재작업 대기 검사 검사 세척 도포 이송 세척 세척 검사 대기 검사 경화 도포 각인 이송 수동정렬 자동정렬 이송 대기 대기 압착,1
6461,수동정렬 경화 검사 도포 경화 도포 검사 이송 검사 도포 각인 검사 자동정렬 경화 이송 각인 대기 자동정렬 도포 도포 검사 세척 수동정렬 세척,1
6462,자동정렬 이송 압착 도포 각인 도포 검사 이송 압착 대기 수동정렬 이송 대기 수동정렬 압착 각인 세척 자동정렬 각인 이송 도포 세척 경화 세척 세척 압착,0
6463,수동정렬 재작업 재작업 수동정렬 압착 재작업 압착 검사 경화 자동정렬 압착 이송 자동정렬 도포 이송 경화 재작업 재작업 대기 도포 세척 세척 도포 이송 경화 압착 압착 검사,1
6464,수동정렬 수동정렬 각인 검사 세척 경화 세척 대기 재작업 자동정렬 세척 자동정렬 각인 세척 이송 재작업 도포 각인 경화 경화 도포 각인,1
6465,수동정렬 각인 검사 자동정렬 자동정렬 세척 각인 경화 도포 압착 이송 각인 압착 압착 세척 도포 수동정렬 각인 경화 검사 각인 경화,1
6466,자동정렬 도포 경화 재작업 도포 이송 자동정렬 이송 도포 대기 대기 압착 각인 각인 각인 경화 이송 도포 도포 수동정렬 이송 도포 검사 재작업 경화 도포 수동정렬 세척,0
6467,수동정렬 검사 자동정렬 검사 이송 대기 검사 재작업 검사 검사 도포 대기 검사 검사 경화 수동정렬 세척 자동정렬 각인 도포 경화 도포 도포 경화,1
6468,수동정렬 세척 이송 이송 대기 압착 재작업 각인 각인 재작업 자동정렬 재작업 압착 세척 자동정렬 검사 이송 수동정렬 검사 각인 재작업 각인 이송 대기 각인,1
6469,수동정렬 자동정렬 자동정렬 각인 각인 재작업 각인 재작업 도포 도포 세척 대기 도포 검사 경화 재작업 각인 도포 세척 수동정렬 경화 도포,1
6470,자동정렬 압착 재작업 도포 자동정렬 도포 이송 이송 각인 세척 검사 수동정렬 경화 경화 이송 대기 세척 압착 수동정렬 재작업 대기 각인 이송 이송,0
6471,자동정렬 각인 수동정렬 세척 세척 대기 도포 경화 재작업 재작업 세척 도포 수동정렬 도포 도포 각인 세척 도포 검사 검사 경화 경화 검사 경화 이송 압착 자동정렬 도포,0
6472,수동정렬 세척 이송 도포 경화 대기 경화 검사 이송 압착 압착 도포 압착 자동정렬 자동정렬 이송 수동정렬 각인 검사 도포 도포 각인 세척 도포 압착 세척 각인 경화,1
6473,자동정렬 검사 검사 수동정렬 검사 도포 세척 각인 자동정렬 세척 이송 각인 세척 경화 검사 이송 각인 각인 수동정렬 재작업 세척 세척 재작업 이송 이송 재작업 재작업 대기,1
6474,수동정렬 재작업 자동정렬 대기 도포 도포 검사 각인 검사 자동정렬 검사 수동정렬 도포 경화 각인 재작업 각인 각인 이송 검사 세척 대기 각인 대기 대기 도포,1
6475,수동정렬 압착 세척 압착 경화 세척 검사 각인 재작업 압착 각인 이송 이송 세척 대기 대기 수동정렬 재작업 검사 각인 검사 도포 각인 자동정렬 자동정렬,1
6476,자동정렬 이송 도포 검사 검사 도포 세척 이송 수동정렬 대기 재작업 재작업 세척 검사 재작업 경화 각인 이송 세척 재작업 수동정렬 각인 각인 자동정렬 재작업 세척,1
6477,수동정렬 이송 검사 검사 검사 세척 경화 도포 자동정렬 대기 경화 자동정렬 대기 검사 이송 압착 각인 검사 세척 수동정렬 각인 각인 도포,1
6478,자동정렬 도포 수동정렬 검사 압착 도포 수동정렬 검사 세척 압착 압착 검사 재작업 재작업 경화 검사 자동정렬 재작업 도포 경화 이송 세척 세척 각인,1
6479,자동정렬 재작업 각인 자동정렬 수동정렬 대기 경화 검사 대기 압착 수동정렬 검사 이송 재작업 세척 각인 재작업 대기 재작업 경화 경화 경화 세척 경화 재작업 도포 검사 도포,1
6480,수동정렬 각인 수동정렬 도포 도포 각인 재작업 검사 도포 검사 검사 대기 검사 재작업 이송 경화 이송 경화 대기 자동정렬 검사 경화 세척 대기 자동정렬 대기,1
6481,수동정렬 각인 각인 도포 도포 압착 자동정렬 각인 경화 재작업 압착 재작업 도포 세척 재작업 각인 세척 자동정렬 이송 수동정렬 재작업 도포 세척 경화,1
6482,자동정렬 검사 압착 도포 압착 도포 이송 세척 각인 자동정렬 각인 이송 이송 수동정렬 수동정렬 대기 각인 세척 세척 대기 경화 세척 압착 각인 재작업,0
6483,수동정렬 압착 세척 이송 압착 자동정렬 도포 이송 압착 수동정렬 이송 이송 각인 세척 도포 경화 세척 대기 도포 도포 자동정렬 검사 이송,1
6484,자동정렬 압착 세척 세척 수동정렬 대기 자동정렬 검사 압착 이송 세척 검사 검사 도포 검사 이송 수동정렬 세척 검사 세척 대기 검사 대기 재작업,0
6485,자동정렬 세척 세척 도포 이송 압착 도포 수동정렬 검사 세척 세척 검사 재작업 경화 경화 검사 수동정렬 대기 압착 재작업 재작업 이송 이송 자동정렬,1
6486,수동정렬 자동정렬 각인 자동정렬 경화 대기 수동정렬 검사 이송 세척 각인 세척 각인 압착 재작업 검사 압착 각인 각인 대기 압착 각인 세척 경화 재작업,1
6487,자동정렬 각인 수동정렬 각인 검사 경화 도포 압착 압착 각인 경화 도포 세척 자동정렬 대기 세척 검사 도포 도포 세척 대기 각인 압착 도포 세척 수동정렬 세척 검사,0
6488,자동정렬 압착 경화 경화 압착 재작업 세척 이송 검사 대기 재작업 도포 수동정렬 재작업 각인 도포 각인 각인 각인 자동정렬 검사 수동정렬,1
6489,자동정렬 세척 자동정렬 압착 도포 도포 각인 재작업 도포 압착 재작업 각인 이송 대기 재작업 재작업 각인 수동정렬 압착 이송 압착 각인 이송 도포 수동정렬 이송 도포 이송,1
6490,수동정렬 각인 압착 세척 대기 수동정렬 세척 세척 세척 도포 각인 자동정렬 경화 압착 세척 자동정렬 대기 압착 세척 이송 압착 각인,1
6491,자동정렬 대기 검사 세척 각인 자동정렬 경화 압착 수동정렬 검사 압착 수동정렬 압착 도포 도포 경화 도포 경화 세척 검사 검사 도포 검사 이송,0
6492,수동정렬 자동정렬 이송 각인 재작업 재작업 도포 검사 압착 대기 검사 이송 세척 자동정렬 압착 수동정렬 경화 각인 도포 검사 압착 세척 도포,1
6493,수동정렬 도포 각인 자동정렬 이송 세척 검사 경화 각인 검사 세척 수동정렬 도포 경화 이송 대기 재작업 압착 경화 자동정렬 검사 도포 검사 세척 도포,1
6494,자동정렬 세척 재작업 경화 수동정렬 검사 각인 대기 수동정렬 이송 자동정렬 압착 경화 세척 도포 검사 도포 압착 경화 경화 대기 압착,0
6495,자동정렬 경화 압착 경화 세척 대기 재작업 대기 검사 재작업 검사 경화 수동정렬 검사 세척 경화 수동정렬 이송 자동정렬 경화 경화 각인,0
6496,자동정렬 도포 경화 검사 이송 이송 검사 각인 도포 압착 압착 자동정렬 압착 세척 세척 대기 세척 수동정렬 수동정렬 도포 이송 검사 도포 각인,0
6497,수동정렬 도포 재작업 이송 압착 수동정렬 도포 재작업 자동정렬 압착 도포 이송 재작업 각인 세척 이송 압착 자동정렬 압착 도포 이송 도포 각인,1
6498,수동정렬 수동정렬 검사 이송 검사 대기 자동정렬 압착 각인 이송 경화 자동정렬 대기 대기 각인 압착 경화 각인 압착 이송 압착 경화 각인 압착,1
6499,수동정렬 도포 경화 압착 경화 자동정렬 각인 이송 각인 압착 각인 세척 각인 세척 대기 이송 수동정렬 각인 도포 대기 대기 각인 압착 이송 자동정렬 도포,1
6500,수동정렬 각인 자동정렬 압착 대기 각인 대기 검사 경화 경화 압착 각인 도포 대기 이송 이송 수동정렬 압착 세척 도포 대기 세척 자동정렬 세척 압착,1
